144618,All Things Must Pass: The Rise and Fall of Tower Records 
159690,Teenage Mutant Ninja Turtles: Out of the Shadows 
162600,Miss Peregrine's Home for Peculiar Children 
122886,Star Wars: Episode VII - The Force Awakens 
118696,The Hobbit: The Battle of the Five Armies 
149534,A Brave Heart: The Lizzie Velasquez Story 
144982,Paranormal Activity: The Ghost Dimension 
119155,Night at the Museum: Secret of the Tomb 
158428,Alvin and the Chipmunks: The Road Chip 
141408,Scouts Guide to the Zombie Apocalypse 
116823,The Hunger Games: Mockingjay - Part 1 
135133,The Hunger Games: Mockingjay - Part 2 
129428,The Second Best Exotic Marigold Hotel 
132569,Comedy Central Roast of Justin Bieber 
120825,The Woman in Black 2: Angel of Death 
107769,Paranormal Activity: The Marked Ones 
114678,Hector and the Search for Happiness 
110102,Captain America: The Winter Soldier 
111781,Mission: Impossible - Rogue Nation 
121194,Tyler Perry's The Single Moms Club 
136864,Batman v Superman: Dawn of Justice 
159755,Popstar: Never Stop Never Stopping 
141846,Steve Jobs: The Man in the Machine 
111743,A Million Ways to Die in the West 
149830,Pride and Prejudice and Zombies 
108715,Better Living Through Chemistry 
112370,Transformers: Age of Extinction 
158813,Alice Through the Looking Glass 
112623,Dawn of the Planet of the Apes 
160710,Absolutely Fabulous: The Movie 
127202,Me and Earl and the Dying Girl 
160567,Mike & Dave Need Wedding Dates 
162842,David Brent: Life on the Road 
113348,Teenage Mutant Ninja Turtles 
113416,Revenge of the Green Dragons 
135567,Independence Day: Resurgence 
119145,Kingsman: The Secret Service 
133225,Island of Lemurs: Madagascar 
146604,Naomi and Ely's No Kiss List 
159111,The Curse of Sleeping Beauty 
127146,Kurt Cobain: Montage of Heck 
156609,Neighbors 2: Sorority Rising 
127196,The Diary of a Teenage Girl 
164367,The Girl with All the Gifts 
112175,How to Train Your Dragon 2 
111362,X-Men: Days of Future Past 
132961,Far from the Madding Crowd 
127140,Sleeping with Other People 
122920,Captain America: Civil War 
151735,The Other Side of the Door 
155743,My Big Fat Greek Wedding 2 
162348,The 9th Life of Louis Drax 
117895,Maze Runner: Scorch Trials 
161336,Author: The JT LeRoy Story 
108188,Jack Ryan: Shadow Recruit 
114601,This Is Where I Leave You 
129853,To Write Love on Her Arms 
117308,When the Game Stands Tall 
127124,I'll See You in My Dreams 
115122,What We Do in the Shadows 
160569,Ice Age: Collision Course 
152970,Hunt for the Wilderpeople 
110553,The Amazing Spider-Man 2 
114459,White Bird in a Blizzard 
135643,The Disappointments Room 
162592,The Light Between Oceans 
117176,The Theory of Everything 
113275,The Hundred-Foot Journey 
154051,The Last Man on the Moon 
160565,The Purge: Election Year 
162578,Kubo and the Two Strings 
161354,Batman: The Killing Joke 
117466,In the Heart of the Sea 
138036,The Man from U.N.C.L.E. 
112852,Guardians of the Galaxy 
122892,Avengers: Age of Ultron 
135436,The Secret Life of Pets 
158540,Papa: Hemingway in Cuba 
158260,A Hologram for the King 
127122,Last Days in the Desert 
155659,Florence Foster Jenkins 
148238,A Very Murray Christmas 
109673,300: Rise of an Empire 
140715,Straight Outta Compton 
116887,Exodus: Gods and Kings 
117851,Penguins of Madagascar 
111921,The Fault in Our Stars 
128975,Hot Tub Time Machine 2 
113225,Magic in the Moonlight 
132157,Paul Blart: Mall Cop 2 
162322,Mechanic: Resurrection 
142975,Navy Seals vs. Zombies 
135532,The Last Witch Hunter 
161922,The Edge of Seventeen 
157340,The Angry Birds Movie 
162350,The Magnificent Seven 
112460,Planes: Fire & Rescue 
117438,When Marnie Was There 
152083,Whiskey Tango Foxtrot 
145028,Jem and the Holograms 
162602,The Girl on the Train 
151933,The Birth of a Nation 
165105,Ouija: Origin of Evil 
149186,Fifty Shades of Black 
162590,Bridget Jones's Baby 
160271,Central Intelligence 
114007,Before I Go to Sleep 
140525,Secret in Their Eyes 
134569,She's Funny That Way 
112303,Think Like a Man Too 
125916,Fifty Shades of Grey 
112727,Deliver Us from Evil 
142997,Hotel Transylvania 2 
156371,Everybody Wants Some 
136654,The Face of an Angel 
122884,Insidious: Chapter 3 
152091,The Brothers Grimsby 
127206,People Places Things 
155583,Miracles from Heaven 
151641,90 Minutes in Heaven 
142372,Our Brand Is Crisis 
157338,Free State of Jones 
127134,A Walk in the Woods 
152077,10 Cloverfield Lane 
141890,Beasts of No Nation 
135885,Absolutely Anything 
109483,That Awkward Moment 
142538,Queen of the Desert 
141004,Victor Frankenstein 
157276,Our Kind of Traitor 
110297,Muppets Most Wanted 
129737,Unfinished Business 
128832,The Last Five Years 
117312,The ABCs of Death 2 
118898,A Most Violent Year 
134583,Misery Loves Comedy 
127138,Ten Thousand Saints 
127114,The End of the Tour 
139779,The Phoenix Project 
132792,The Great Invisible 
133281,Ricki and the Flash 
163022,Morris from America 
141924,The Lady in the Van 
141648,We Are Your Friends 
118354,Kill the Messenger 
120799,Terminator Genisys 
122882,Mad Max: Fury Road 
132883,Testament of Youth 
114074,The Skeleton Twins 
111795,Million Dollar Arm 
132480,The Age of Adaline 
116797,The Imitation Game 
116977,Dumb and Dumber To 
135462,All the Wilderness 
112450,They Came Together 
161582,Hell or High Water 
129707,The Lazarus Effect 
141926,He Named Me Malala 
127311,The Forbidden Room 
142963,7 Chinese Brothers 
151707,The Eagle Huntress 
127148,The Hunting Ground 
161584,Southside With You 
158254,Kindergarten Cop 2 
151313,Norm of the North 
113345,Jupiter Ascending 
143245,The Little Prince 
130452,While We're Young 
162598,Deepwater Horizon 
112940,A Most Wanted Man 
136016,The Good Dinosaur 
117590,Horrible Bosses 2 
112070,Maps to the Stars 
146866,Louder Than Bombs 
117123,Dear White People 
112897,The Expendables 3 
127128,Mississippi Grind 
133832,The Green Inferno 
141393,Kill Your Friends 
155874,Love & Friendship 
117456,Beyond the Lights 
128592,The Boy Next Door 
152079,London Has Fallen 
122924,X-Men: Apocalypse 
128360,The Hateful Eight 
130684,We Are Still Here 
158966,Captain Fantastic 
161290,Vigilante Diaries 
140581,I Am Chris Farley 
157268,Don't Think Twice 
111759,Edge of Tomorrow 
144734,Freaks of Nature 
109372,About Last Night 
151777,The Finest Hours 
116985,The Longest Week 
144698,Miss You Already 
115664,The Book of Life 
147022,Love the Coopers 
114704,Space Station 76 
130576,Midnight Special 
133195,Hitman: Agent 47 
132424,The Longest Ride 
127130,Mistress America 
134158,Return to Sender 
115471,Extraterrestrial 
117517,Listen Up Philip 
159093,Now You See Me 2 
142422,The Night Before 
127110,Digging for Fire 
159484,Life on the Line 
141994,Saving Christmas 
162660,God's Not Dead 2 
163092,The Intervention 
151455,Eddie the Eagle 
137900,Accidental Love 
161127,The Infiltrator 
155810,I Saw the Light 
127218,Z for Zachariah 
110809,Vampire Academy 
130259,The Discoverers 
140805,Attack on Titan 
115220,Grace of Monaco 
158382,The Family Fang 
130686,The Final Girls 
155748,Born to Be Blue 
114762,Two Night Stand 
114662,American Sniper 
149406,Kung Fu Panda 3 
127096,Project Almanac 
134802,Murder of a Cat 
119966,Ask Me Anything 
113159,Life After Beth 
133419,Pitch Perfect 2 
157865,Ratchet & Clank 
112946,Wish I Was Here 
114760,Happy Christmas 
111320,Mom's Night Out 
137857,The Jungle Book 
159858,The Conjuring 2 
144716,Rock the Kasbah 
132173,Adult Beginners 
164175,A Monster Calls 
162730,The Whole Truth 
146730,Lost in the Sun 
143385,Bridge of Spies 
151927,My All American 
144714,The Perfect Guy 
110826,Brick Mansions 
108932,The Lego Movie 
122902,Fantastic Four 
142507,Pawn Sacrifice 
163006,Hands of Stone 
115147,The Best of Me 
155064,The Neon Demon 
155288,Eye in the Sky 
128604,Knight of Cups 
114033,Into the Storm 
150258,Jane Got a Gun 
162606,The Accountant 
109569,3 Days to Kill 
118997,Into the Woods 
137595,Magic Mike XXL 
112138,22 Jump Street 
119222,Behaving Badly 
109850,Need for Speed 
114935,Predestination 
143657,The Invitation 
121370,Happy New Year 
112749,And So It Goes 
110603,God's Not Dead 
130988,A Little Chaos 
117861,Black or White 
145150,The Dressmaker 
129749,The Connection 
117194,Dolphin Tale 2 
140711,American Ultra 
144782,The Diabolical 
160848,The Red Turtle 
139415,Irrational Man 
162738,American Honey 
141714,Queen of Earth 
158783,The Handmaiden 
159415,Swiss Army Man 
162596,Queen of Katwe 
162572,The Other Side 
157432,Precious Cargo 
163048,The Last Heist 
135536,Suicide Squad 
158872,Sausage Party 
132496,Danny Collins 
116799,Inherent Vice 
109191,Winter's Tale 
151739,Dirty Grandpa 
113453,Let's Be Cops 
155181,Elvis & Nixon 
129659,McFarland USA 
113071,Earth to Echo 
129937,Run All Night 
110730,Transcendence 
141036,4 Minute Mile 
157200,Money Monster 
122942,The Identical 
149011,He Never Died 
110322,Dom Hemingway 
152063,Gods of Egypt 
131796,Woman in Gold 
144976,Bone Tomahawk 
152017,Me Before You 
109864,Veronica Mars 
119141,The Interview 
160573,Pete's Dragon 
116413,Life Partners 
109740,Obvious Child 
141912,Dirty Weekend 
151595,Big Stone Gap 
142082,The Nightmare 
146904,Entertainment 
132122,Hungry Hearts 
151317,Maggie's Plan 
127066,Art and Craft 
158238,The Nice Guys 
127204,The Overnight 
140289,Men & Chicken 
145978,Batkid Begins 
161634,Don't Breathe 
126482,Strange Magic 
161738,The Wild Life 
161078,The Last King 
110611,Cold in July 
160080,Ghostbusters 
149352,Daddy's Home 
113696,Are You Here 
114396,Cesar Chavez 
139385,The Revenant 
164655,Gimme Danger 
159696,The Darkness 
132046,Tomorrowland 
114182,No Good Deed 
132590,Happy Valley 
164115,White People 
107209,Outsider The 
144072,The Stranger 
157296,Finding Dory 
148172,The 5th Wave 
109189,Endless Love 
133710,Strangerland 
114758,Open Windows 
134859,The Wolfpack 
131714,Last Knights 
128838,Crimson Peak 
118760,The Good Lie 
136666,Search Party 
151315,Ride Along 2 
115569,Nightcrawler 
134815,Happy Ending 
140856,Inner Demons 
131474,Preservation 
140152,Dreamcatcher 
142386,The Assassin 
127200,I Smile Back 
161956,Blood Father 
134775,Dragon Blade 
117372,V/H/S: Viral 
127118,I Am Michael 
130075,Frozen Fever 
158972,Toni Erdmann 
158528,The Shallows 
151559,Frankenstein 
163663,Other People 
160438,Jason Bourne 
158579,Port of Call 
159741,Elstree 1976 
157667,Mother's Day 
130448,Poltergeist 
119655,Seventh Son 
111259,Good People 
148484,The Letters 
163937,Blair Witch 
148888,Zoolander 2 
160688,From A to B 
112316,Jersey Boys 
124859,The Gambler 
147847,Point Break 
144268,Mockingbird 
132796,San Andreas 
127585,Fear Clinic 
115231,St. Vincent 
113868,To Be Takei 
156903,The Waiting 
138610,The Gallows 
112582,Life Itself 
130044,Late Phases 
162478,Masterminds 
115414,Left Behind 
135569,Star Trek 3 
108243,Devil's Due 
130642,Backcountry 
133798,Hot Pursuit 
143886,Break Point 
141422,Suffragette 
142765,The Program 
117178,Amira & Sam 
150995,Retribution 
136778,The Squeeze 
146423,The Falling 
117881,Still Alice 
141513,Fort Tilden 
133771,The Lobster 
131258,The Pirates 
157304,All About E 
157859,Santa Claus 
127112,Don Verdean 
127194,The D Train 
156387,Sing Street 
146350,Containment 
160020,The Witness 
134785,London Road 
142074,Knock Knock 
128512,Paper Towns 
134130,The Martian 
127250,Last Chance 
142492,Son of Saul 
152515,Cabin Fever 
155832,Yoga Hosers 
117533,Citizenfour 
160644,Indignation 
152123,James White 
159077,The Meddler 
144620,Goosebumps 
114849,The Prince 
116161,Foxcatcher 
117887,Paddington 
142222,Demolition 
136018,Black Mass 
108156,Ride Along 
118082,The Voices 
111659,Maleficent 
136698,Skin Trade 
130073,Cinderella 
116817,Rudderless 
135504,Little Boy 
136562,Steve Jobs 
114667,Fort Bliss 
134853,Inside Out 
130468,The Circle 
135625,Final Girl 
115617,Big Hero 6 
127136,True Story 
140110,The Intern 
127565,Lost River 
109376,Cuban Fury 
115824,Mr. Turner 
115235,Young Ones 
140529,Sinister 2 
136672,The Living 
114184,Camp X-Ray 
116897,Wild Tales 
128425,Stray Dogs 
138258,Nasty Baby 
134393,Trainwreck 
135288,Mr. Holmes 
109897,Son of God 
121231,It Follows 
132798,Regression 
145839,Concussion 
150294,The Forest 
140131,Extinction 
136696,Absolution 
144614,Meadowland 
152228,Misconduct 
143239,By the Sea 
130636,Unfriended 
157274,The Choice 
127192,The Bronze 
151675,Lazer Team 
148968,Encounters 
141866,Green Room 
164622,Killswitch 
141674,Summertime 
155830,White Girl 
156722,Dark Horse 
151311,Wiener-Dog 
127216,Unexpected 
161954,Anthropoid 
148867,Extraction 
157224,Nine Lives 
160571,Lights Out 
161586,Little Men 
163134,Your Name. 
113604,If I Stay 
155812,Get a Job 
134783,Entourage 
140713,No Escape 
138184,Treehouse 
108190,Divergent 
142488,Spotlight 
111113,Neighbors 
157835,Sacrifice 
155509,Mr. Right 
135518,Self/less 
110453,Draft Day 
128488,Wild Card 
137367,Supremacy 
118706,Black Sea 
112556,Gone Girl 
139855,Anomalisa 
113207,Get on Up 
139084,Boulevard 
116841,Rosewater 
116138,Leviathan 
130634,Furious 7 
112804,I Origins 
150344,Bang Bang 
130490,Insurgent 
115149,John Wick 
147471,Bravetown 
157959,Term Life 
143713,My Mother 
151557,Stonewall 
125914,Mortdecai 
130862,Cymbeline 
130233,Take Care 
142226,Listening 
133802,Slow West 
132112,Good Kill 
114713,Annabelle 
162652,Compadres 
147913,Glassland 
143168,Wild Life 
140523,Visit The 
141544,Turbo Kid 
147827,Afterlife 
140816,Tangerine 
159177,King Jack 
140267,The Witch 
141131,Guardians 
161068,Countdown 
164933,Collector 
147404,The Phone 
157849,Buddymoon 
130956,Child 44 
118985,Big Eyes 
112911,Hercules 
122904,Deadpool 
136598,Vacation 
114060,The Drop 
160656,Tallulah 
143237,Freeheld 
131842,Cut Bank 
161070,Dead Sea 
126548,The DUFF 
160553,De Palma 
152061,Triple 9 
109072,Sabotage 
139642,Southpaw 
118702,Unbroken 
127319,The Loft 
125654,Low Down 
112788,Sex Tape 
161131,War Dogs 
109578,Non-Stop 
130496,Big Game 
152976,Forsaken 
127108,Brooklyn 
160581,The Duel 
142110,Man Down 
132989,Frontera 
131013,Get Hard 
112552,Whiplash 
157312,The Boss 
120637,Blackhat 
118924,Top Five 
127178,99 Homes 
152081,Zootopia 
161936,Intruder 
135530,Criminal 
142509,Hardcore 
133365,Partisan 
134246,Survivor 
121171,Red Army 
132356,Survivor 
135852,Boychoir 
133945,Deep Web 
140537,Redeemer 
152974,The Sand 
151507,Terminus 
138208,The Walk 
154480,Creature 
154915,Remember 
152270,The Wait 
136916,Vendetta 
152055,Pandemic 
141120,Brothers 
141668,War Room 
160187,Blackway 
155715,Disorder 
138210,13 Hours 
140247,The Gift 
150270,Woodlawn 
128620,Victoria 
161580,Bad Moms 
162828,Imperium 
162580,Paradise 
163512,Aquarius 
164899,Blue Jay 
112290,Boyhood 
111617,Blended 
108945,RoboCop 
141761,Area 51 
132377,Outcast 
120466,Chappie 
129372,Demonic 
149354,Sisters 
110968,Pompeii 
114265,Laggies 
159347,Beatles 
110586,Calvary 
143317,The Cut 
135887,Minions 
136020,Spectre 
162736,Sundown 
129313,Reality 
141902,Gabriel 
130462,The Boy 
120635,Taken 3 
141799,Cooties 
115151,Plastic 
134823,Freedom 
142448,Everest 
131168,Phoenix 
136564,Macbeth 
134597,Convict 
165101,Inferno 
141864,Burning 
146922,Shelter 
113062,Hellion 
150272,Captive 
132335,Breathe 
139644,Sicario 
145504,Foodies 
141704,Phantom 
161302,Traders 
158830,The BFG 
157699,Snowden 
140725,Cop Car 
153672,Chronic 
135534,Krampus 
151639,The Boy 
142503,Shut In 
151501,Exposed 
156898,Darling 
132549,Grandma 
159191,Julieta 
152374,Hangman 
148424,Chi-Raq 
151755,Orleans 
141536,Veteran 
165119,Mascots 
162316,Shelley 
161046,Charlie 
116781,Serena 
146688,Solace 
126393,Wolves 
165141,Trolls 
160400,Genius 
133782,Maggie 
126575,Everly 
113771,Exists 
131448,Walter 
131464,Kristy 
135137,Pixels 
148709,Mojave 
116907,Fed Up 
112667,Bullet 
117474,Iceman 
144660,Gloria 
132660,Man Up 
145418,Trumbo 
133377,Infini 
148280,Truman 
150280,Plague 
163547,Equity 
160012,Andron 
150538,Diablo 
149552,Krisha 
160515,Dead 7 
140245,Twenty 
151563,Fatima 
162594,Morgan 
164200,Storks 
159917,Weiner 
118700,Selma 
115534,Ouija 
134528,Aloha 
161968,Dough 
114707,Horns 
118206,Manny 
130052,Clown 
120132,Annie 
116893,Trash 
112497,Tammy 
110655,Rio 2 
133645,Carol 
136602,Creep 
110678,Bears 
127182,Aloft 
142536,Burnt 
120110,Jauja 
129333,Julia 
143884,Noble 
135861,Ted 2 
164635,Bleed 
120392,Comet 
118117,Grace 
146656,Creed 
130071,Nymph 
145142,Curve 
151687,Risen 
160980,Sully 
146900,Heist 
134214,Youth 
131830,Samba 
160954,Nerve 
139831,Messi 
118896,Mommy 
138702,Feast 
155820,Keanu 
161958,Joshy 
163464,Demon 
150608,Ellis 
161620,Clash 
160718,Piper 
110127,Noah 
133291,Pump 
111360,Lucy 
114670,Tusk 
147750,Rams 
133869,MI-5 
140341,Lava 
157142,Dean 
163118,XOXO 
136814,X/Y 
