162600,Miss Peregrine's Home for Peculiar Children ,6877151199_10153896603586200
118696,The Hobbit: The Battle of the Five Armies ,6877151199_10152327156436200
118696,The Hobbit: The Battle of the Five Armies ,6877151199_10152489162946200
118696,The Hobbit: The Battle of the Five Armies ,6877151199_10152491300376200
118696,The Hobbit: The Battle of the Five Armies ,6877151199_10152499774121200
118696,The Hobbit: The Battle of the Five Armies ,6877151199_10152520401966200
118696,The Hobbit: The Battle of the Five Armies ,6877151199_10152521612811200
118696,The Hobbit: The Battle of the Five Armies ,6877151199_10152567198506200
118696,The Hobbit: The Battle of the Five Armies ,6877151199_10152571440311200
144982,Paranormal Activity: The Ghost Dimension ,6877151199_10153171635986200
144982,Paranormal Activity: The Ghost Dimension ,6877151199_10153179170206200
119155,Night at the Museum: Secret of the Tomb ,6877151199_10152478557816200
119155,Night at the Museum: Secret of the Tomb ,6877151199_10152513431406200
119155,Night at the Museum: Secret of the Tomb ,6877151199_10152521612811200
141408,Scouts Guide to the Zombie Apocalypse ,6877151199_10153182359946200
116823,The Hunger Games: Mockingjay - Part 1 ,6877151199_10152452855101200
116823,The Hunger Games: Mockingjay - Part 1 ,6877151199_10152999601416200
116823,The Hunger Games: Mockingjay - Part 1 ,6877151199_10153203193741200
116823,The Hunger Games: Mockingjay - Part 1 ,6877151199_10153204966946200
116823,The Hunger Games: Mockingjay - Part 1 ,6877151199_10153210409041200
116823,The Hunger Games: Mockingjay - Part 1 ,6877151199_10153213633991200
116823,The Hunger Games: Mockingjay - Part 1 ,6877151199_10153215140851200
116823,The Hunger Games: Mockingjay - Part 1 ,6877151199_10153221726971200
135133,The Hunger Games: Mockingjay - Part 2 ,6877151199_10152452855101200
135133,The Hunger Games: Mockingjay - Part 2 ,6877151199_10152999601416200
135133,The Hunger Games: Mockingjay - Part 2 ,6877151199_10153203193741200
135133,The Hunger Games: Mockingjay - Part 2 ,6877151199_10153204966946200
135133,The Hunger Games: Mockingjay - Part 2 ,6877151199_10153210409041200
135133,The Hunger Games: Mockingjay - Part 2 ,6877151199_10153213633991200
135133,The Hunger Games: Mockingjay - Part 2 ,6877151199_10153215140851200
135133,The Hunger Games: Mockingjay - Part 2 ,6877151199_10153221726971200
129428,The Second Best Exotic Marigold Hotel ,6877151199_10151173919746200
120825,The Woman in Black 2: Angel of Death ,6877151199_10152543911531200
107769,Paranormal Activity: The Marked Ones ,6877151199_10151861909936200
110102,Captain America: The Winter Soldier ,6877151199_10151728654721200
110102,Captain America: The Winter Soldier ,6877151199_10151970572881200
110102,Captain America: The Winter Soldier ,6877151199_10151989653146200
110102,Captain America: The Winter Soldier ,6877151199_10152000862651200
110102,Captain America: The Winter Soldier ,6877151199_10152007837921200
110102,Captain America: The Winter Soldier ,6877151199_10152012706281200
110102,Captain America: The Winter Soldier ,6877151199_10152016456026200
110102,Captain America: The Winter Soldier ,6877151199_10152019413651200
110102,Captain America: The Winter Soldier ,6877151199_10152021566971200
110102,Captain America: The Winter Soldier ,6877151199_10152023247981200
111781,Mission: Impossible - Rogue Nation ,6877151199_10152728558116200
111781,Mission: Impossible - Rogue Nation ,6877151199_10152733070801200
111781,Mission: Impossible - Rogue Nation ,6877151199_10152764332561200
111781,Mission: Impossible - Rogue Nation ,6877151199_10152838881426200
111781,Mission: Impossible - Rogue Nation ,6877151199_10152964141021200
111781,Mission: Impossible - Rogue Nation ,6877151199_10152977150836200
111781,Mission: Impossible - Rogue Nation ,6877151199_10152977418371200
111781,Mission: Impossible - Rogue Nation ,6877151199_10152994372846200
111781,Mission: Impossible - Rogue Nation ,6877151199_10153007193291200
111781,Mission: Impossible - Rogue Nation ,6877151199_10153009556981200
111781,Mission: Impossible - Rogue Nation ,6877151199_10153013436776200
111781,Mission: Impossible - Rogue Nation ,6877151199_10153013457031200
111781,Mission: Impossible - Rogue Nation ,6877151199_10153015365971200
111781,Mission: Impossible - Rogue Nation ,6877151199_10153020883336200
121194,Tyler Perry's The Single Moms Club ,6877151199_10151819955121200
136864,Batman v Superman: Dawn of Justice ,6877151199_10152200061216200
136864,Batman v Superman: Dawn of Justice ,6877151199_10152778470136200
136864,Batman v Superman: Dawn of Justice ,6877151199_10153237432546200
136864,Batman v Superman: Dawn of Justice ,6877151199_10153328849141200
136864,Batman v Superman: Dawn of Justice ,6877151199_10153398805236200
136864,Batman v Superman: Dawn of Justice ,6877151199_10153401988466200
136864,Batman v Superman: Dawn of Justice ,6877151199_10153408240886200
136864,Batman v Superman: Dawn of Justice ,6877151199_10153442026036200
136864,Batman v Superman: Dawn of Justice ,6877151199_10153443965896200
136864,Batman v Superman: Dawn of Justice ,6877151199_10153444144546200
136864,Batman v Superman: Dawn of Justice ,6877151199_10153444149716200
136864,Batman v Superman: Dawn of Justice ,6877151199_10153449467746200
136864,Batman v Superman: Dawn of Justice ,6877151199_10153452620311200
136864,Batman v Superman: Dawn of Justice ,6877151199_10153459270591200
136864,Batman v Superman: Dawn of Justice ,6877151199_10153463489686200
159755,Popstar: Never Stop Never Stopping ,6877151199_10153599268781200
159755,Popstar: Never Stop Never Stopping ,6877151199_10153622105936200
149830,Pride and Prejudice and Zombies ,6877151199_10153344747951200
149830,Pride and Prejudice and Zombies ,6877151199_10153353742151200
158813,Alice Through the Looking Glass ,6877151199_10153480275126200
158813,Alice Through the Looking Glass ,6877151199_10153599430976200
158813,Alice Through the Looking Glass ,6877151199_10153601422771200
158813,Alice Through the Looking Glass ,6877151199_10153605223971200
158813,Alice Through the Looking Glass ,6877151199_10153605226591200
158813,Alice Through the Looking Glass ,6877151199_10153605375606200
158813,Alice Through the Looking Glass ,6877151199_10153605377251200
158813,Alice Through the Looking Glass ,6877151199_10153605713696200
158813,Alice Through the Looking Glass ,6877151199_10153606317921200
112623,Dawn of the Planet of the Apes ,6877151199_10152197735551200
112623,Dawn of the Planet of the Apes ,6877151199_10152210154326200
160567,Mike & Dave Need Wedding Dates ,6877151199_10153683934446200
160567,Mike & Dave Need Wedding Dates ,6877151199_10153684063646200
160567,Mike & Dave Need Wedding Dates ,6877151199_10153694237946200
160567,Mike & Dave Need Wedding Dates ,6877151199_10153694270731200
160567,Mike & Dave Need Wedding Dates ,6877151199_10153696370281200
113348,Teenage Mutant Ninja Turtles ,6877151199_10152747866011200
113348,Teenage Mutant Ninja Turtles ,6877151199_10153358988806200
135567,Independence Day: Resurgence ,6877151199_10153358281616200
135567,Independence Day: Resurgence ,6877151199_10153637618751200
135567,Independence Day: Resurgence ,6877151199_10153652613721200
135567,Independence Day: Resurgence ,6877151199_10153658832536200
135567,Independence Day: Resurgence ,6877151199_10153663851436200
135567,Independence Day: Resurgence ,6877151199_10153665192931200
135567,Independence Day: Resurgence ,6877151199_10153665475176200
119145,Kingsman: The Secret Service ,6877151199_10152638300061200
119145,Kingsman: The Secret Service ,6877151199_10152646239441200
119145,Kingsman: The Secret Service ,6877151199_10152648003766200
133225,Island of Lemurs: Madagascar ,6877151199_10152016676966200
127196,The Diary of a Teenage Girl ,6877151199_10153897936336200
112175,How to Train Your Dragon 2 ,6877151199_10152145076291200
112175,How to Train Your Dragon 2 ,6877151199_10152146914041200
111362,X-Men: Days of Future Past ,6877151199_10152096285806200
111362,X-Men: Days of Future Past ,6877151199_10152102076246200
111362,X-Men: Days of Future Past ,6877151199_10152105685186200
111362,X-Men: Days of Future Past ,6877151199_10152110091106200
111362,X-Men: Days of Future Past ,6877151199_10152114053026200
127140,Sleeping with Other People ,6877151199_10152943504936200
122920,Captain America: Civil War ,6877151199_10153408270476200
122920,Captain America: Civil War ,6877151199_10153415188921200
122920,Captain America: Civil War ,6877151199_10153420013181200
122920,Captain America: Civil War ,6877151199_10153420266596200
122920,Captain America: Civil War ,6877151199_10153438607806200
122920,Captain America: Civil War ,6877151199_10153466340311200
122920,Captain America: Civil War ,6877151199_10153481564626200
122920,Captain America: Civil War ,6877151199_10153502874656200
122920,Captain America: Civil War ,6877151199_10153514249331200
122920,Captain America: Civil War ,6877151199_10153518325831200
122920,Captain America: Civil War ,6877151199_10153550123706200
122920,Captain America: Civil War ,6877151199_10153550446041200
122920,Captain America: Civil War ,6877151199_10153555798886200
122920,Captain America: Civil War ,6877151199_10153555925356200
122920,Captain America: Civil War ,6877151199_10153557823716200
122920,Captain America: Civil War ,6877151199_10153558207651200
122920,Captain America: Civil War ,6877151199_10153559832726200
122920,Captain America: Civil War ,6877151199_10153560440356200
122920,Captain America: Civil War ,6877151199_10153562635311200
122920,Captain America: Civil War ,6877151199_10153563893286200
122920,Captain America: Civil War ,6877151199_10153564317446200
122920,Captain America: Civil War ,6877151199_10153813327606200
155743,My Big Fat Greek Wedding 2 ,6877151199_10153462494571200
117895,Maze Runner: Scorch Trials ,6877151199_10153081672781200
117895,Maze Runner: Scorch Trials ,6877151199_10153097156616200
117895,Maze Runner: Scorch Trials ,6877151199_10153109608756200
117895,Maze Runner: Scorch Trials ,6877151199_10153115331846200
117895,Maze Runner: Scorch Trials ,6877151199_10153116821851200
117308,When the Game Stands Tall ,6877151199_10152289587231200
160569,Ice Age: Collision Course ,6877151199_10153728454846200
110553,The Amazing Spider-Man 2 ,6877151199_10150894878571200
110553,The Amazing Spider-Man 2 ,6877151199_10150906951626200
110553,The Amazing Spider-Man 2 ,6877151199_10150906951716200
110553,The Amazing Spider-Man 2 ,6877151199_10150906951811200
110553,The Amazing Spider-Man 2 ,6877151199_10150916823171200
110553,The Amazing Spider-Man 2 ,6877151199_10151135487851200
110553,The Amazing Spider-Man 2 ,6877151199_10152023247981200
110553,The Amazing Spider-Man 2 ,6877151199_10152025093946200
110553,The Amazing Spider-Man 2 ,6877151199_10152044761376200
110553,The Amazing Spider-Man 2 ,6877151199_10152061646896200
110553,The Amazing Spider-Man 2 ,6877151199_10152063831071200
110553,The Amazing Spider-Man 2 ,6877151199_10152065866346200
110553,The Amazing Spider-Man 2 ,6877151199_10152068243731200
110553,The Amazing Spider-Man 2 ,6877151199_162853240522966
162592,The Light Between Oceans ,6877151199_10153813325751200
162592,The Light Between Oceans ,6877151199_10153820340336200
162592,The Light Between Oceans ,6877151199_10153823033581200
162592,The Light Between Oceans ,6877151199_10153826243256200
162592,The Light Between Oceans ,6877151199_10153826248811200
162592,The Light Between Oceans ,6877151199_10153829060956200
117176,The Theory of Everything ,6877151199_10152439342656200
117176,The Theory of Everything ,6877151199_10152468678671200
117176,The Theory of Everything ,6877151199_10152582243106200
117176,The Theory of Everything ,6877151199_10152670096056200
113275,The Hundred-Foot Journey ,6877151199_10152258522231200
160565,The Purge: Election Year ,6877151199_10153681724221200
160565,The Purge: Election Year ,6877151199_10153682358761200
162578,Kubo and the Two Strings ,6877151199_10153250600301200
162578,Kubo and the Two Strings ,6877151199_10153732160181200
162578,Kubo and the Two Strings ,6877151199_10153777013676200
162578,Kubo and the Two Strings ,6877151199_10153777840361200
162578,Kubo and the Two Strings ,6877151199_10153786715756200
162578,Kubo and the Two Strings ,6877151199_10153786972126200
162578,Kubo and the Two Strings ,6877151199_10153789307316200
162578,Kubo and the Two Strings ,6877151199_10153793563236200
162578,Kubo and the Two Strings ,6877151199_10154131199826200
117466,In the Heart of the Sea ,6877151199_10153239548091200
117466,In the Heart of the Sea ,6877151199_10153249589836200
117466,In the Heart of the Sea ,6877151199_10153257093966200
138036,The Man from U.N.C.L.E. ,6877151199_10152919268186200
138036,The Man from U.N.C.L.E. ,6877151199_10153037444921200
138036,The Man from U.N.C.L.E. ,6877151199_10153039372521200
138036,The Man from U.N.C.L.E. ,6877151199_10153043034626200
138036,The Man from U.N.C.L.E. ,6877151199_10153043240491200
138036,The Man from U.N.C.L.E. ,6877151199_10153067903516200
138036,The Man from U.N.C.L.E. ,6877151199_10153074322196200
112852,Guardians of the Galaxy ,6877151199_10151203208866200
112852,Guardians of the Galaxy ,6877151199_10152143143356200
112852,Guardians of the Galaxy ,6877151199_10152146729546200
112852,Guardians of the Galaxy ,6877151199_10152198332936200
112852,Guardians of the Galaxy ,6877151199_10152238977141200
112852,Guardians of the Galaxy ,6877151199_10152244182871200
112852,Guardians of the Galaxy ,6877151199_10152244483911200
112852,Guardians of the Galaxy ,6877151199_10152262512036200
112852,Guardians of the Galaxy ,6877151199_10152320828136200
112852,Guardians of the Galaxy ,6877151199_10152330620011200
112852,Guardians of the Galaxy ,6877151199_10152363518351200
112852,Guardians of the Galaxy ,6877151199_10152907216691200
112852,Guardians of the Galaxy ,6877151199_10152935236076200
112852,Guardians of the Galaxy ,6877151199_10152971458901200
112852,Guardians of the Galaxy ,6877151199_10153001636546200
112852,Guardians of the Galaxy ,6877151199_10153738780831200
112852,Guardians of the Galaxy ,6877151199_10153803510886200
112852,Guardians of the Galaxy ,6877151199_10153995942401200
112852,Guardians of the Galaxy ,6877151199_10154267613341200
112852,Guardians of the Galaxy ,6877151199_10154286038866200
112852,Guardians of the Galaxy ,6877151199_10154313771541200
112852,Guardians of the Galaxy ,6877151199_10154329671551200
112852,Guardians of the Galaxy ,6877151199_10154387075646200
112852,Guardians of the Galaxy ,6877151199_10154392101331200
112852,Guardians of the Galaxy ,6877151199_10154397491846200
112852,Guardians of the Galaxy ,6877151199_10154397871761200
112852,Guardians of the Galaxy ,6877151199_10154471432386200
112852,Guardians of the Galaxy ,6877151199_10154477309166200
112852,Guardians of the Galaxy ,6877151199_10154482444421200
112852,Guardians of the Galaxy ,6877151199_10154511435986200
112852,Guardians of the Galaxy ,6877151199_10154511442906200
112852,Guardians of the Galaxy ,6877151199_10154516017076200
112852,Guardians of the Galaxy ,6877151199_10154516960466200
112852,Guardians of the Galaxy ,6877151199_10154519305826200
112852,Guardians of the Galaxy ,6877151199_10154519344421200
112852,Guardians of the Galaxy ,6877151199_10154522565316200
112852,Guardians of the Galaxy ,6877151199_10154531115226200
112852,Guardians of the Galaxy ,6877151199_10154531531931200
112852,Guardians of the Galaxy ,6877151199_10154540758441200
112852,Guardians of the Galaxy ,6877151199_10154543586256200
112852,Guardians of the Galaxy ,6877151199_10154552899926200
112852,Guardians of the Galaxy ,6877151199_10154553156641200
112852,Guardians of the Galaxy ,6877151199_10154563143801200
112852,Guardians of the Galaxy ,6877151199_10154565474216200
112852,Guardians of the Galaxy ,6877151199_10154575097481200
112852,Guardians of the Galaxy ,6877151199_10154774686371200
112852,Guardians of the Galaxy ,6877151199_10155066131607139
112852,Guardians of the Galaxy ,6877151199_10155137374142139
122892,Avengers: Age of Ultron ,6877151199_10152686307656200
122892,Avengers: Age of Ultron ,6877151199_10152718643481200
122892,Avengers: Age of Ultron ,6877151199_10152748205546200
122892,Avengers: Age of Ultron ,6877151199_10152749269816200
122892,Avengers: Age of Ultron ,6877151199_10152775959961200
122892,Avengers: Age of Ultron ,6877151199_10152778304696200
122892,Avengers: Age of Ultron ,6877151199_10152793287531200
122892,Avengers: Age of Ultron ,6877151199_10152799773281200
122892,Avengers: Age of Ultron ,6877151199_10152801474511200
122892,Avengers: Age of Ultron ,6877151199_10152804751931200
122892,Avengers: Age of Ultron ,6877151199_10152806171171200
135436,The Secret Life of Pets ,6877151199_10153660771781200
135436,The Secret Life of Pets ,6877151199_10153670265981200
135436,The Secret Life of Pets ,6877151199_10153694237946200
158260,A Hologram for the King ,6877151199_10153534011106200
155659,Florence Foster Jenkins ,6877151199_10153774962596200
155659,Florence Foster Jenkins ,6877151199_10153777295231200
155659,Florence Foster Jenkins ,6877151199_10154062232051200
109673,300: Rise of an Empire ,6877151199_10151972456126200
140715,Straight Outta Compton ,6877151199_10153037227761200
140715,Straight Outta Compton ,6877151199_10153042902516200
140715,Straight Outta Compton ,6877151199_10153043240491200
116887,Exodus: Gods and Kings ,6877151199_10152478560016200
116887,Exodus: Gods and Kings ,6877151199_10152491299191200
116887,Exodus: Gods and Kings ,6877151199_10152507934976200
117851,Penguins of Madagascar ,6877151199_10152477047881200
117851,Penguins of Madagascar ,6877151199_10152478553981200
111921,The Fault in Our Stars ,6877151199_10152148646161200
111921,The Fault in Our Stars ,6877151199_10152179188411200
111921,The Fault in Our Stars ,6877151199_10152259774496200
128975,Hot Tub Time Machine 2 ,6877151199_10152662739851200
128975,Hot Tub Time Machine 2 ,6877151199_10152664333521200
128975,Hot Tub Time Machine 2 ,6877151199_10152771968931200
132157,Paul Blart: Mall Cop 2 ,6877151199_10152761466916200
132157,Paul Blart: Mall Cop 2 ,6877151199_10152776894431200
132157,Paul Blart: Mall Cop 2 ,6877151199_10152777686441200
162322,Mechanic: Resurrection ,6877151199_10153805627211200
162322,Mechanic: Resurrection ,6877151199_10153806251336200
162322,Mechanic: Resurrection ,6877151199_10153808605141200
162322,Mechanic: Resurrection ,6877151199_10153810972281200
135532,The Last Witch Hunter ,6877151199_10153026583091200
135532,The Last Witch Hunter ,6877151199_10153155111616200
135532,The Last Witch Hunter ,6877151199_10153171635986200
135532,The Last Witch Hunter ,6877151199_10153177977421200
161922,The Edge of Seventeen ,6877151199_10153992983911200
161922,The Edge of Seventeen ,6877151199_10153995934431200
161922,The Edge of Seventeen ,6877151199_10154025809941200
161922,The Edge of Seventeen ,6877151199_10154026560246200
161922,The Edge of Seventeen ,6877151199_10154028484521200
161922,The Edge of Seventeen ,6877151199_10154031299821200
161922,The Edge of Seventeen ,6877151199_10154042723491200
161922,The Edge of Seventeen ,6877151199_10154043852461200
161922,The Edge of Seventeen ,6877151199_10154057750071200
157340,The Angry Birds Movie ,6877151199_10153281420476200
157340,The Angry Birds Movie ,6877151199_10153518076671200
157340,The Angry Birds Movie ,6877151199_10153587200241200
157340,The Angry Birds Movie ,6877151199_10153590457656200
157340,The Angry Birds Movie ,6877151199_10153607530356200
162350,The Magnificent Seven ,6877151199_10153808287546200
162350,The Magnificent Seven ,6877151199_10153825457316200
162350,The Magnificent Seven ,6877151199_10153857868876200
162350,The Magnificent Seven ,6877151199_10153872720851200
162350,The Magnificent Seven ,6877151199_10153877869061200
162350,The Magnificent Seven ,6877151199_10153877878326200
162350,The Magnificent Seven ,6877151199_10153880225921200
162350,The Magnificent Seven ,6877151199_10153882754756200
112460,Planes: Fire & Rescue ,6877151199_10152212269776200
112460,Planes: Fire & Rescue ,6877151199_10152217965216200
152083,Whiskey Tango Foxtrot ,6877151199_10153399539376200
152083,Whiskey Tango Foxtrot ,6877151199_10153403923996200
152083,Whiskey Tango Foxtrot ,6877151199_10153407196551200
145028,Jem and the Holograms ,6877151199_10153166882986200
162602,The Girl on the Train ,6877151199_10153910455236200
162602,The Girl on the Train ,6877151199_10153916080141200
151933,The Birth of a Nation ,6877151199_10153916080141200
149186,Fifty Shades of Black ,6877151199_10153339371456200
162590,Bridget Jones's Baby ,6877151199_10153860680471200
162590,Bridget Jones's Baby ,6877151199_10153860815986200
162590,Bridget Jones's Baby ,6877151199_10153860831171200
160271,Central Intelligence ,6877151199_10153628857736200
160271,Central Intelligence ,6877151199_10153644102471200
160271,Central Intelligence ,6877151199_10153644265381200
160271,Central Intelligence ,6877151199_10153646120851200
160271,Central Intelligence ,6877151199_10153650059851200
160271,Central Intelligence ,6877151199_10153650081186200
114007,Before I Go to Sleep ,6877151199_10152433256176200
140525,Secret in Their Eyes ,6877151199_10153201518526200
134569,She's Funny That Way ,6877151199_10153026165931200
134569,She's Funny That Way ,6877151199_10153057697341200
112303,Think Like a Man Too ,6877151199_10152157465656200
112303,Think Like a Man Too ,6877151199_10152163639056200
112303,Think Like a Man Too ,6877151199_10152195374436200
125916,Fifty Shades of Grey ,6877151199_10150938792511200
125916,Fifty Shades of Grey ,6877151199_10152237035356200
125916,Fifty Shades of Grey ,6877151199_10152342599961200
125916,Fifty Shades of Grey ,6877151199_10152367281886200
125916,Fifty Shades of Grey ,6877151199_10152590516746200
125916,Fifty Shades of Grey ,6877151199_10152641829596200
125916,Fifty Shades of Grey ,6877151199_10152644791761200
125916,Fifty Shades of Grey ,6877151199_10152648003766200
125916,Fifty Shades of Grey ,6877151199_10154269989336200
142997,Hotel Transylvania 2 ,6877151199_10151039724556200
142997,Hotel Transylvania 2 ,6877151199_10151072312101200
142997,Hotel Transylvania 2 ,6877151199_10151073231866200
142997,Hotel Transylvania 2 ,6877151199_10151075816091200
142997,Hotel Transylvania 2 ,6877151199_10151100422526200
142997,Hotel Transylvania 2 ,6877151199_10151133679341200
142997,Hotel Transylvania 2 ,6877151199_10153128552531200
142997,Hotel Transylvania 2 ,6877151199_10153150731016200
142997,Hotel Transylvania 2 ,6877151199_393436174061938
142997,Hotel Transylvania 2 ,6877151199_425991004124126
142997,Hotel Transylvania 2 ,6877151199_436229686439102
156371,Everybody Wants Some ,6877151199_10153428635461200
122884,Insidious: Chapter 3 ,6877151199_10152735446851200
122884,Insidious: Chapter 3 ,6877151199_10152770033946200
122884,Insidious: Chapter 3 ,6877151199_10152892082611200
122884,Insidious: Chapter 3 ,6877151199_10152892152121200
152091,The Brothers Grimsby ,6877151199_10153378312526200
152091,The Brothers Grimsby ,6877151199_10153420017061200
152091,The Brothers Grimsby ,6877151199_10153421311296200
142372,Our Brand Is Crisis ,6877151199_10153182339256200
142372,Our Brand Is Crisis ,6877151199_10153182359946200
142372,Our Brand Is Crisis ,6877151199_10153183967586200
157338,Free State of Jones ,6877151199_10153599412571200
157338,Free State of Jones ,6877151199_10153663851436200
157338,Free State of Jones ,6877151199_10153668740196200
127134,A Walk in the Woods ,6877151199_10153086191101200
127134,A Walk in the Woods ,6877151199_10153088827391200
152077,10 Cloverfield Lane ,6877151199_10153421311296200
152077,10 Cloverfield Lane ,6877151199_10153424061096200
135885,Absolutely Anything ,6877151199_10152811048926200
109483,That Awkward Moment ,6877151199_10151898458406200
109483,That Awkward Moment ,6877151199_10151903861486200
109483,That Awkward Moment ,6877151199_10151907209091200
141004,Victor Frankenstein ,6877151199_10153074522321200
110297,Muppets Most Wanted ,6877151199_10151989382001200
110297,Muppets Most Wanted ,6877151199_10151994390096200
129737,Unfinished Business ,6877151199_10152689841796200
129737,Unfinished Business ,6877151199_10152733358971200
127114,The End of the Tour ,6877151199_10153050363221200
133281,Ricki and the Flash ,6877151199_10153022635831200
141648,We Are Your Friends ,6877151199_10153058379516200
141648,We Are Your Friends ,6877151199_10153065938866200
141648,We Are Your Friends ,6877151199_10153070978441200
141648,We Are Your Friends ,6877151199_10153074171426200
141648,We Are Your Friends ,6877151199_10153074523011200
120799,Terminator Genisys ,6877151199_10152815329981200
120799,Terminator Genisys ,6877151199_10152844438256200
120799,Terminator Genisys ,6877151199_10152907256506200
120799,Terminator Genisys ,6877151199_10152951170386200
120799,Terminator Genisys ,6877151199_10152956033456200
120799,Terminator Genisys ,6877151199_10152971592856200
122882,Mad Max: Fury Road ,6877151199_10152182737451200
122882,Mad Max: Fury Road ,6877151199_10152822219291200
122882,Mad Max: Fury Road ,6877151199_10152827574051200
122882,Mad Max: Fury Road ,6877151199_10152829038606200
122882,Mad Max: Fury Road ,6877151199_10153102356306200
122882,Mad Max: Fury Road ,6877151199_10153863486336200
111795,Million Dollar Arm ,6877151199_10152089333186200
111795,Million Dollar Arm ,6877151199_10152091759771200
111795,Million Dollar Arm ,6877151199_10152094550226200
111795,Million Dollar Arm ,6877151199_10152115895151200
132480,The Age of Adaline ,6877151199_10152769796631200
116797,The Imitation Game ,6877151199_10152477047881200
116797,The Imitation Game ,6877151199_10152491300376200
116797,The Imitation Game ,6877151199_10152733069326200
116977,Dumb and Dumber To ,6877151199_10152307802201200
116977,Dumb and Dumber To ,6877151199_10152452852331200
116977,Dumb and Dumber To ,6877151199_10152456435771200
116977,Dumb and Dumber To ,6877151199_10152457670661200
161582,Hell or High Water ,6877151199_10154011435561200
129707,The Lazarus Effect ,6877151199_10152672883221200
129707,The Lazarus Effect ,6877151199_10152676076891200
129707,The Lazarus Effect ,6877151199_10152676078631200
161584,Southside With You ,6877151199_10153813324716200
113345,Jupiter Ascending ,6877151199_10152622574501200
113345,Jupiter Ascending ,6877151199_10152636716326200
162598,Deepwater Horizon ,6877151199_10153882983631200
162598,Deepwater Horizon ,6877151199_10153894517476200
162598,Deepwater Horizon ,6877151199_10153894589276200
162598,Deepwater Horizon ,6877151199_10153896603586200
162598,Deepwater Horizon ,6877151199_10153897937616200
136016,The Good Dinosaur ,6877151199_10152996167316200
136016,The Good Dinosaur ,6877151199_10153221720896200
136016,The Good Dinosaur ,6877151199_10153224687591200
117590,Horrible Bosses 2 ,6877151199_10152475257461200
117590,Horrible Bosses 2 ,6877151199_10152478442251200
117590,Horrible Bosses 2 ,6877151199_10152478553981200
112897,The Expendables 3 ,6877151199_10151027190431200
112897,The Expendables 3 ,6877151199_10151027848651200
112897,The Expendables 3 ,6877151199_10151029519596200
112897,The Expendables 3 ,6877151199_10151179403306200
112897,The Expendables 3 ,6877151199_10152247903151200
112897,The Expendables 3 ,6877151199_10152266464011200
112897,The Expendables 3 ,6877151199_10152266988126200
112897,The Expendables 3 ,6877151199_10152272433601200
112897,The Expendables 3 ,6877151199_10152276199506200
112897,The Expendables 3 ,6877151199_10154424877576200
112897,The Expendables 3 ,6877151199_167414473393838
112897,The Expendables 3 ,6877151199_450212614999476
112897,The Expendables 3 ,6877151199_493885487307813
112897,The Expendables 3 ,6877151199_504956386186569
117456,Beyond the Lights ,6877151199_10153714864221200
117456,Beyond the Lights ,6877151199_10153728454846200
128592,The Boy Next Door ,6877151199_10152608074721200
128592,The Boy Next Door ,6877151199_10152610304541200
152079,London Has Fallen ,6877151199_10151352869276200
152079,London Has Fallen ,6877151199_10153191756391200
152079,London Has Fallen ,6877151199_10153193180801200
152079,London Has Fallen ,6877151199_10153216770986200
152079,London Has Fallen ,6877151199_10153245977001200
152079,London Has Fallen ,6877151199_10153364671456200
152079,London Has Fallen ,6877151199_10153404368206200
152079,London Has Fallen ,6877151199_10153407196551200
152079,London Has Fallen ,6877151199_224768570999115
152079,London Has Fallen ,6877151199_475492059183106
122924,X-Men: Apocalypse ,6877151199_10153488280566200
122924,X-Men: Apocalypse ,6877151199_10153543913556200
122924,X-Men: Apocalypse ,6877151199_10153588831011200
128360,The Hateful Eight ,6877151199_10153264027686200
128360,The Hateful Eight ,6877151199_10153273651561200
128360,The Hateful Eight ,6877151199_10153287070401200
128360,The Hateful Eight ,6877151199_10153377279531200
158966,Captain Fantastic ,6877151199_10153694237946200
158966,Captain Fantastic ,6877151199_10153929630721200
157268,Don't Think Twice ,6877151199_10153433582536200
157268,Don't Think Twice ,6877151199_10154081216466200
109372,About Last Night ,6877151199_10151937509861200
151777,The Finest Hours ,6877151199_10153308832626200
151777,The Finest Hours ,6877151199_10153330002196200
151777,The Finest Hours ,6877151199_10153334034866200
151777,The Finest Hours ,6877151199_10153339371456200
147022,Love the Coopers ,6877151199_10153213938546200
130576,Midnight Special ,6877151199_10153431477131200
130576,Midnight Special ,6877151199_10153438619001200
133195,Hitman: Agent 47 ,6877151199_10153050351836200
133195,Hitman: Agent 47 ,6877151199_10153058356156200
132424,The Longest Ride ,6877151199_10152650975511200
132424,The Longest Ride ,6877151199_10152718658246200
132424,The Longest Ride ,6877151199_10152721430436200
132424,The Longest Ride ,6877151199_10152755437896200
132424,The Longest Ride ,6877151199_10152759611791200
132424,The Longest Ride ,6877151199_10152770034621200
159093,Now You See Me 2 ,6877151199_10151354170111200
159093,Now You See Me 2 ,6877151199_10151420869646200
159093,Now You See Me 2 ,6877151199_10151452141936200
159093,Now You See Me 2 ,6877151199_10151453831121200
159093,Now You See Me 2 ,6877151199_10153213869851200
159093,Now You See Me 2 ,6877151199_10153424934556200
159093,Now You See Me 2 ,6877151199_10153597112341200
159093,Now You See Me 2 ,6877151199_10153599091126200
159093,Now You See Me 2 ,6877151199_10153628534501200
159093,Now You See Me 2 ,6877151199_10153632913521200
159093,Now You See Me 2 ,6877151199_10153634688751200
159093,Now You See Me 2 ,6877151199_10153635728766200
142422,The Night Before ,6877151199_10152179188411200
142422,The Night Before ,6877151199_10153009375261200
142422,The Night Before ,6877151199_10153188793301200
142422,The Night Before ,6877151199_10153204412941200
142422,The Night Before ,6877151199_10153215140851200
142422,The Night Before ,6877151199_10153216767851200
142422,The Night Before ,6877151199_10153216788461200
159484,Life on the Line ,6877151199_10154026548836200
151455,Eddie the Eagle ,6877151199_10153391532246200
161127,The Infiltrator ,6877151199_10153531450361200
161127,The Infiltrator ,6877151199_10153710681656200
161127,The Infiltrator ,6877151199_10153712914171200
110809,Vampire Academy ,6877151199_10151923918911200
114662,American Sniper ,6877151199_10152580437256200
114662,American Sniper ,6877151199_10152594874991200
114662,American Sniper ,6877151199_10152596616066200
149406,Kung Fu Panda 3 ,6877151199_10153335559751200
149406,Kung Fu Panda 3 ,6877151199_10153605940671200
127096,Project Almanac ,6877151199_10152624386681200
133419,Pitch Perfect 2 ,6877151199_10151074652061200
133419,Pitch Perfect 2 ,6877151199_10151180731551200
133419,Pitch Perfect 2 ,6877151199_10151679902991200
133419,Pitch Perfect 2 ,6877151199_10152630186016200
133419,Pitch Perfect 2 ,6877151199_10152644198846200
133419,Pitch Perfect 2 ,6877151199_10152825882856200
133419,Pitch Perfect 2 ,6877151199_10152827574051200
133419,Pitch Perfect 2 ,6877151199_10152828978681200
133419,Pitch Perfect 2 ,6877151199_10152829040351200
133419,Pitch Perfect 2 ,6877151199_10152829087351200
133419,Pitch Perfect 2 ,6877151199_10152848636796200
133419,Pitch Perfect 2 ,6877151199_10153129991361200
133419,Pitch Perfect 2 ,6877151199_10154679958476200
133419,Pitch Perfect 2 ,6877151199_393436174061938
137857,The Jungle Book ,6877151199_10153514246621200
137857,The Jungle Book ,6877151199_10153514250106200
137857,The Jungle Book ,6877151199_10153514251436200
159858,The Conjuring 2 ,6877151199_10151532753831200
159858,The Conjuring 2 ,6877151199_10151537659956200
159858,The Conjuring 2 ,6877151199_10151554837066200
159858,The Conjuring 2 ,6877151199_10153622488456200
159858,The Conjuring 2 ,6877151199_10153624248056200
159858,The Conjuring 2 ,6877151199_10153630588726200
159858,The Conjuring 2 ,6877151199_10153635754626200
159858,The Conjuring 2 ,6877151199_10153635764891200
159858,The Conjuring 2 ,6877151199_10153637715951200
159858,The Conjuring 2 ,6877151199_10154494267036200
132173,Adult Beginners ,6877151199_10152703467656200
164175,A Monster Calls ,6877151199_10153860679461200
164175,A Monster Calls ,6877151199_10154131577776200
164175,A Monster Calls ,6877151199_10154155933936200
164175,A Monster Calls ,6877151199_10154177259231200
162730,The Whole Truth ,6877151199_10153952360681200
143385,Bridge of Spies ,6877151199_10152892390981200
151927,My All American ,6877151199_10153190197321200
151927,My All American ,6877151199_10153200317751200
151927,My All American ,6877151199_10153205815326200
144714,The Perfect Guy ,6877151199_10153101682586200
144714,The Perfect Guy ,6877151199_10153102341886200
110826,Brick Mansions ,6877151199_10152018448461200
110826,Brick Mansions ,6877151199_10152057530301200
108932,The Lego Movie ,6877151199_10152023824356200
108932,The Lego Movie ,6877151199_10154330816381200
122902,Fantastic Four ,6877151199_10152446055561200
122902,Fantastic Four ,6877151199_10152618773901200
122902,Fantastic Four ,6877151199_10152707728516200
122902,Fantastic Four ,6877151199_10152979325846200
122902,Fantastic Four ,6877151199_10153013437851200
122902,Fantastic Four ,6877151199_10153020880861200
122902,Fantastic Four ,6877151199_10153020929791200
122902,Fantastic Four ,6877151199_10153021470036200
122902,Fantastic Four ,6877151199_10153022746451200
122902,Fantastic Four ,6877151199_10153024650426200
122902,Fantastic Four ,6877151199_10153024653076200
122902,Fantastic Four ,6877151199_10153026249281200
122902,Fantastic Four ,6877151199_10153028278841200
122902,Fantastic Four ,6877151199_10153028340666200
142507,Pawn Sacrifice ,6877151199_10152876652301200
142507,Pawn Sacrifice ,6877151199_10153128278651200
163006,Hands of Stone ,6877151199_10153803162346200
163006,Hands of Stone ,6877151199_10153808288206200
163006,Hands of Stone ,6877151199_10153808605141200
163006,Hands of Stone ,6877151199_10153810972281200
115147,The Best of Me ,6877151199_10152383045691200
115147,The Best of Me ,6877151199_10152407217766200
115147,The Best of Me ,6877151199_10152414173291200
115147,The Best of Me ,6877151199_10152647700796200
115147,The Best of Me ,6877151199_808380632636327
155288,Eye in the Sky ,6877151199_10153408307046200
162606,The Accountant ,6877151199_10153924589061200
162606,The Accountant ,6877151199_10153928007706200
162606,The Accountant ,6877151199_10153930357836200
162606,The Accountant ,6877151199_10153932523811200
162606,The Accountant ,6877151199_10153933208316200
162606,The Accountant ,6877151199_10154688395416200
118997,Into the Woods ,6877151199_10152502350781200
118997,Into the Woods ,6877151199_10152511482226200
118997,Into the Woods ,6877151199_10152570932786200
137595,Magic Mike XXL ,6877151199_10152633329966200
137595,Magic Mike XXL ,6877151199_10152789246861200
137595,Magic Mike XXL ,6877151199_10152812733331200
137595,Magic Mike XXL ,6877151199_10152814477631200
137595,Magic Mike XXL ,6877151199_10152885946641200
137595,Magic Mike XXL ,6877151199_10152916796266200
137595,Magic Mike XXL ,6877151199_10152938438786200
137595,Magic Mike XXL ,6877151199_10152954329936200
137595,Magic Mike XXL ,6877151199_10152955742401200
137595,Magic Mike XXL ,6877151199_10152956033456200
137595,Magic Mike XXL ,6877151199_10152966268121200
112138,22 Jump Street ,6877151199_10152147226761200
112138,22 Jump Street ,6877151199_10152320828136200
112138,22 Jump Street ,6877151199_10152375400221200
109850,Need for Speed ,6877151199_10151154214126200
109850,Need for Speed ,6877151199_10151979079846200
121370,Happy New Year ,6877151199_10151855134741200
121370,Happy New Year ,6877151199_10151857250411200
117861,Black or White ,6877151199_10153107083491200
117194,Dolphin Tale 2 ,6877151199_10152326802711200
140711,American Ultra ,6877151199_10152994158421200
140711,American Ultra ,6877151199_10153055487306200
140711,American Ultra ,6877151199_10153057698696200
140711,American Ultra ,6877151199_10153058356156200
162738,American Honey ,6877151199_10153793872031200
162738,American Honey ,6877151199_10154131577776200
159415,Swiss Army Man ,6877151199_10153665434931200
159415,Swiss Army Man ,6877151199_10153668277391200
159415,Swiss Army Man ,6877151199_10153668308836200
162596,Queen of Katwe ,6877151199_10153877334636200
162596,Queen of Katwe ,6877151199_10153877869061200
162596,Queen of Katwe ,6877151199_10153882087941200
135536,Suicide Squad ,6877151199_10152977533186200
135536,Suicide Squad ,6877151199_10153324160361200
135536,Suicide Squad ,6877151199_10153514249331200
135536,Suicide Squad ,6877151199_10153519893356200
135536,Suicide Squad ,6877151199_10153635106321200
135536,Suicide Squad ,6877151199_10153659043761200
135536,Suicide Squad ,6877151199_10153675385081200
135536,Suicide Squad ,6877151199_10153683903241200
135536,Suicide Squad ,6877151199_10153684065331200
135536,Suicide Squad ,6877151199_10153707607146200
135536,Suicide Squad ,6877151199_10153710682966200
135536,Suicide Squad ,6877151199_10153728624566200
135536,Suicide Squad ,6877151199_10153740701621200
135536,Suicide Squad ,6877151199_10153745263356200
135536,Suicide Squad ,6877151199_10153745265531200
135536,Suicide Squad ,6877151199_10153753643731200
135536,Suicide Squad ,6877151199_10153754071356200
135536,Suicide Squad ,6877151199_10153754233766200
135536,Suicide Squad ,6877151199_10153756802016200
135536,Suicide Squad ,6877151199_10153756897291200
135536,Suicide Squad ,6877151199_10153758814751200
135536,Suicide Squad ,6877151199_10153758816421200
135536,Suicide Squad ,6877151199_10153758904351200
135536,Suicide Squad ,6877151199_10153758905231200
135536,Suicide Squad ,6877151199_10153761480511200
135536,Suicide Squad ,6877151199_10153917440976200
135536,Suicide Squad ,6877151199_10154297929671200
135536,Suicide Squad ,6877151199_10154328756181200
158872,Sausage Party ,6877151199_10153729663711200
158872,Sausage Party ,6877151199_10153772513681200
158872,Sausage Party ,6877151199_10153774962596200
158872,Sausage Party ,6877151199_10153775192536200
158872,Sausage Party ,6877151199_10153775193506200
158872,Sausage Party ,6877151199_10153777739166200
158872,Sausage Party ,6877151199_10153908023051200
109191,Winter's Tale ,6877151199_10151933905961200
151739,Dirty Grandpa ,6877151199_10153314069096200
151739,Dirty Grandpa ,6877151199_10153320678986200
151739,Dirty Grandpa ,6877151199_10153323498611200
151739,Dirty Grandpa ,6877151199_10153326949701200
113453,Let's Be Cops ,6877151199_10152264827041200
113453,Let's Be Cops ,6877151199_10152268289556200
113453,Let's Be Cops ,6877151199_10152268992011200
129659,McFarland USA ,6877151199_10152658227856200
129659,McFarland USA ,6877151199_10152664333521200
129659,McFarland USA ,6877151199_10152666605736200
113071,Earth to Echo ,6877151199_10152186214286200
129937,Run All Night ,6877151199_10152688454626200
110730,Transcendence ,6877151199_10152037467556200
157200,Money Monster ,6877151199_10153564319091200
157200,Money Monster ,6877151199_10153570431556200
157200,Money Monster ,6877151199_10153576614436200
157200,Money Monster ,6877151199_10153576680056200
152063,Gods of Egypt ,6877151199_10153385698556200
152063,Gods of Egypt ,6877151199_10153393210236200
152017,Me Before You ,6877151199_10153351034856200
152017,Me Before You ,6877151199_10153481564626200
152017,Me Before You ,6877151199_10153607453801200
152017,Me Before You ,6877151199_10153618429136200
152017,Me Before You ,6877151199_10153620144086200
152017,Me Before You ,6877151199_10153621511586200
109864,Veronica Mars ,6877151199_10151936234806200
109864,Veronica Mars ,6877151199_10151974090531200
109864,Veronica Mars ,6877151199_10151977395876200
109864,Veronica Mars ,6877151199_10151983906406200
119141,The Interview ,6877151199_10150896922186200
119141,The Interview ,6877151199_10151135265791200
160573,Pete's Dragon ,6877151199_10153648208241200
160573,Pete's Dragon ,6877151199_10153761477631200
160573,Pete's Dragon ,6877151199_10153770220261200
160573,Pete's Dragon ,6877151199_10153772928136200
160573,Pete's Dragon ,6877151199_10153774962596200
160573,Pete's Dragon ,6877151199_10153775192536200
160573,Pete's Dragon ,6877151199_10153777010941200
146904,Entertainment ,6877151199_10151213090916200
146904,Entertainment ,6877151199_10151455585091200
146904,Entertainment ,6877151199_10152182737451200
146904,Entertainment ,6877151199_10152846537926200
146904,Entertainment ,6877151199_10153740701621200
146904,Entertainment ,6877151199_10153786715756200
146904,Entertainment ,6877151199_10154128463706200
158238,The Nice Guys ,6877151199_10153241030416200
158238,The Nice Guys ,6877151199_10153578689996200
158238,The Nice Guys ,6877151199_10153590457656200
158238,The Nice Guys ,6877151199_10153591500501200
127204,The Overnight ,6877151199_10152922945651200
161634,Don't Breathe ,6877151199_10153808605141200
161634,Don't Breathe ,6877151199_10153813464396200
161634,Don't Breathe ,6877151199_10153826243256200
161738,The Wild Life ,6877151199_10153843221716200
160080,Ghostbusters ,6877151199_10150984437766200
160080,Ghostbusters ,6877151199_10152325805871200
160080,Ghostbusters ,6877151199_10153405605121200
160080,Ghostbusters ,6877151199_10153550125166200
160080,Ghostbusters ,6877151199_10153699354781200
160080,Ghostbusters ,6877151199_10153710669151200
160080,Ghostbusters ,6877151199_10153710676776200
160080,Ghostbusters ,6877151199_10153710681656200
160080,Ghostbusters ,6877151199_10153712859366200
160080,Ghostbusters ,6877151199_10153712914171200
149352,Daddy's Home ,6877151199_10153270637981200
149352,Daddy's Home ,6877151199_10153284761176200
149352,Daddy's Home ,6877151199_10153287072271200
149352,Daddy's Home ,6877151199_10153287255596200
149352,Daddy's Home ,6877151199_10155496543292139
149352,Daddy's Home ,6877151199_10155496752302139
139385,The Revenant ,6877151199_10153281546061200
139385,The Revenant ,6877151199_10153287257206200
139385,The Revenant ,6877151199_10153287259386200
139385,The Revenant ,6877151199_10153398178891200
139385,The Revenant ,6877151199_10153398708016200
159696,The Darkness ,6877151199_10151204567171200
159696,The Darkness ,6877151199_10151584131971200
159696,The Darkness ,6877151199_10153576614436200
159696,The Darkness ,6877151199_10153843260151200
159696,The Darkness ,6877151199_174200046072923
132046,Tomorrowland ,6877151199_10152815332266200
132046,Tomorrowland ,6877151199_10152848635531200
132046,Tomorrowland ,6877151199_10152849472931200
132046,Tomorrowland ,6877151199_10152849515166200
144072,The Stranger ,6877151199_10154549900786200
144072,The Stranger ,6877151199_10154775466116200
157296,Finding Dory ,6877151199_10153403628331200
157296,Finding Dory ,6877151199_10153514249331200
157296,Finding Dory ,6877151199_10153646973646200
157296,Finding Dory ,6877151199_10153649902706200
157296,Finding Dory ,6877151199_10153649926556200
157296,Finding Dory ,6877151199_10153650059851200
157296,Finding Dory ,6877151199_10153650081186200
157296,Finding Dory ,6877151199_10153650126796200
157296,Finding Dory ,6877151199_10153650886856200
148172,The 5th Wave ,6877151199_10153326692021200
148172,The 5th Wave ,6877151199_10153326949701200
134859,The Wolfpack ,6877151199_444542285637794
128838,Crimson Peak ,6877151199_10153001612951200
128838,Crimson Peak ,6877151199_10153028585931200
128838,Crimson Peak ,6877151199_10153058377121200
128838,Crimson Peak ,6877151199_10153088848591200
128838,Crimson Peak ,6877151199_10153156881556200
128838,Crimson Peak ,6877151199_10153159714541200
128838,Crimson Peak ,6877151199_10153160735656200
128838,Crimson Peak ,6877151199_10153162166096200
128838,Crimson Peak ,6877151199_10153162476036200
118760,The Good Lie ,6877151199_10152385084076200
136666,Search Party ,6877151199_10153574093476200
151315,Ride Along 2 ,6877151199_10151831802241200
151315,Ride Along 2 ,6877151199_10151835066071200
151315,Ride Along 2 ,6877151199_10153299972476200
151315,Ride Along 2 ,6877151199_10153301348741200
151315,Ride Along 2 ,6877151199_10153301991706200
115569,Nightcrawler ,6877151199_10152377685211200
115569,Nightcrawler ,6877151199_10152427985996200
142386,The Assassin ,6877151199_10153576569251200
142386,The Assassin ,6877151199_10154132445601200
134775,Dragon Blade ,6877151199_10153088133931200
127118,I Am Michael ,6877151199_10154033419191200
127118,I Am Michael ,6877151199_10155303385002139
158972,Toni Erdmann ,6877151199_10154275171391200
158528,The Shallows ,6877151199_10153622181636200
158528,The Shallows ,6877151199_10153635106321200
158528,The Shallows ,6877151199_10153645863476200
158528,The Shallows ,6877151199_10153663239821200
158528,The Shallows ,6877151199_10153663851436200
158528,The Shallows ,6877151199_10153665475176200
151559,Frankenstein ,6877151199_10151499538816200
151559,Frankenstein ,6877151199_10151540581961200
151559,Frankenstein ,6877151199_10151893286576200
151559,Frankenstein ,6877151199_10151896614356200
151559,Frankenstein ,6877151199_10153074522321200
151559,Frankenstein ,6877151199_10154451621331200
151559,Frankenstein ,6877151199_10154610566856200
163663,Other People ,6877151199_10152943504936200
160438,Jason Bourne ,6877151199_10153358126976200
160438,Jason Bourne ,6877151199_10153533428671200
160438,Jason Bourne ,6877151199_10153738414541200
160438,Jason Bourne ,6877151199_10153743615531200
160438,Jason Bourne ,6877151199_10153743616051200
160438,Jason Bourne ,6877151199_10153744795421200
160438,Jason Bourne ,6877151199_10153747398726200
160438,Jason Bourne ,6877151199_10153758816421200
160438,Jason Bourne ,6877151199_10154693233312139
157667,Mother's Day ,6877151199_10150811295561200
157667,Mother's Day ,6877151199_10151419776831200
157667,Mother's Day ,6877151199_10152087226256200
157667,Mother's Day ,6877151199_10152817471896200
157667,Mother's Day ,6877151199_10153548108716200
157667,Mother's Day ,6877151199_10154546361166200
130448,Poltergeist ,6877151199_10152817523876200
130448,Poltergeist ,6877151199_10152849472931200
130448,Poltergeist ,6877151199_10152849474026200
119655,Seventh Son ,6877151199_10152635346566200
119655,Seventh Son ,6877151199_10152638425471200
111259,Good People ,6877151199_10152358919716200
163937,Blair Witch ,6877151199_10151370623696200
163937,Blair Witch ,6877151199_10153805627211200
163937,Blair Witch ,6877151199_10153860815986200
148888,Zoolander 2 ,6877151199_10153353561371200
148888,Zoolander 2 ,6877151199_10153354013511200
148888,Zoolander 2 ,6877151199_10153355157356200
148888,Zoolander 2 ,6877151199_10153362937786200
148888,Zoolander 2 ,6877151199_10153366295386200
148888,Zoolander 2 ,6877151199_10153375425661200
148888,Zoolander 2 ,6877151199_10153377995096200
148888,Zoolander 2 ,6877151199_10153890040721200
160688,From A to B ,6877151199_10151352147901200
160688,From A to B ,6877151199_10151389105666200
160688,From A to B ,6877151199_10151416185301200
160688,From A to B ,6877151199_10151653616531200
160688,From A to B ,6877151199_10151698211671200
160688,From A to B ,6877151199_10151995947206200
160688,From A to B ,6877151199_10152052358031200
160688,From A to B ,6877151199_10152515328411200
160688,From A to B ,6877151199_10152580438731200
160688,From A to B ,6877151199_10152994372846200
160688,From A to B ,6877151199_10153070983331200
160688,From A to B ,6877151199_10153738780831200
160688,From A to B ,6877151199_10154323774731200
160688,From A to B ,6877151199_10154374672416200
160688,From A to B ,6877151199_10154734997516200
160688,From A to B ,6877151199_10155249154737139
160688,From A to B ,6877151199_346134735489304
160688,From A to B ,6877151199_401466093302758
112316,Jersey Boys ,6877151199_10152124852301200
112316,Jersey Boys ,6877151199_10152158738831200
112316,Jersey Boys ,6877151199_10152163640801200
147847,Point Break ,6877151199_10153250749111200
147847,Point Break ,6877151199_10153287072271200
147847,Point Break ,6877151199_10153294405331200
147847,Point Break ,6877151199_10153705303191200
132796,San Andreas ,6877151199_10152875214026200
132796,San Andreas ,6877151199_10152875766101200
132796,San Andreas ,6877151199_10152876564266200
132796,San Andreas ,6877151199_10152890446256200
162478,Masterminds ,6877151199_10152812341766200
162478,Masterminds ,6877151199_10153747397646200
162478,Masterminds ,6877151199_10153879701691200
162478,Masterminds ,6877151199_10153882805221200
162478,Masterminds ,6877151199_10153884954786200
162478,Masterminds ,6877151199_10153890038456200
162478,Masterminds ,6877151199_10153894517476200
162478,Masterminds ,6877151199_10153896603586200
162478,Masterminds ,6877151199_10153897931206200
162478,Masterminds ,6877151199_10154603265232139
135569,Star Trek 3 ,6877151199_10151160869901200
135569,Star Trek 3 ,6877151199_10151170393796200
135569,Star Trek 3 ,6877151199_10151204567171200
135569,Star Trek 3 ,6877151199_10151210427741200
135569,Star Trek 3 ,6877151199_10151210427841200
135569,Star Trek 3 ,6877151199_10151210427946200
135569,Star Trek 3 ,6877151199_10151210428106200
135569,Star Trek 3 ,6877151199_10151210428241200
135569,Star Trek 3 ,6877151199_10151210428311200
135569,Star Trek 3 ,6877151199_10151210428396200
135569,Star Trek 3 ,6877151199_10151236293601200
135569,Star Trek 3 ,6877151199_10151340547486200
135569,Star Trek 3 ,6877151199_10151429008001200
135569,Star Trek 3 ,6877151199_10151432012651200
135569,Star Trek 3 ,6877151199_10151432318931200
135569,Star Trek 3 ,6877151199_10151433547756200
135569,Star Trek 3 ,6877151199_10151443156221200
135569,Star Trek 3 ,6877151199_10151449049106200
135569,Star Trek 3 ,6877151199_10153699049171200
135569,Star Trek 3 ,6877151199_10153714864221200
135569,Star Trek 3 ,6877151199_10153721760971200
135569,Star Trek 3 ,6877151199_10153723009061200
135569,Star Trek 3 ,6877151199_10153728454846200
135569,Star Trek 3 ,6877151199_10153745264946200
135569,Star Trek 3 ,6877151199_10153936165511200
135569,Star Trek 3 ,6877151199_10154200370581200
135569,Star Trek 3 ,6877151199_174200046072923
108243,Devil's Due ,6877151199_10151881423056200
133798,Hot Pursuit ,6877151199_10152764326461200
133798,Hot Pursuit ,6877151199_10152814479346200
133798,Hot Pursuit ,6877151199_10152816251551200
133798,Hot Pursuit ,6877151199_10152816334561200
143886,Break Point ,6877151199_10153250749111200
143886,Break Point ,6877151199_10153287072271200
143886,Break Point ,6877151199_10153294405331200
143886,Break Point ,6877151199_10153705303191200
141422,Suffragette ,6877151199_10153204351486200
141422,Suffragette ,6877151199_10153216855346200
141422,Suffragette ,6877151199_10153350675786200
117881,Still Alice ,6877151199_10152649807031200
131258,The Pirates ,6877151199_10154587430306200
127112,Don Verdean ,6877151199_10153245941291200
127194,The D Train ,6877151199_10152778013816200
127194,The D Train ,6877151199_10152816251551200
127194,The D Train ,6877151199_10153350643301200
127194,The D Train ,6877151199_10153910455236200
127194,The D Train ,6877151199_10153916080141200
127194,The D Train ,6877151199_10154365634396200
127194,The D Train ,6877151199_10154451689716200
160020,The Witness ,6877151199_10150912999046200
160020,The Witness ,6877151199_10152646239441200
160020,The Witness ,6877151199_10155400931022139
142074,Knock Knock ,6877151199_10152649820381200
142074,Knock Knock ,6877151199_10153146745886200
128512,Paper Towns ,6877151199_10152919263471200
128512,Paper Towns ,6877151199_10152942999806200
128512,Paper Towns ,6877151199_10152998067631200
128512,Paper Towns ,6877151199_10152999649996200
128512,Paper Towns ,6877151199_10153001606786200
128512,Paper Towns ,6877151199_10153159341311200
134130,The Martian ,6877151199_10153134455126200
134130,The Martian ,6877151199_10153134613831200
134130,The Martian ,6877151199_10153137610221200
134130,The Martian ,6877151199_10153146491906200
134130,The Martian ,6877151199_10154043832971200
127250,Last Chance ,6877151199_393813240677972
155832,Yoga Hosers ,6877151199_10153334189866200
155832,Yoga Hosers ,6877151199_10153826248811200
152123,James White ,6877151199_174993146011078
144620,Goosebumps ,6877151199_10153161222971200
144620,Goosebumps ,6877151199_10153162166096200
114849,The Prince ,6877151199_10150857431946200
114849,The Prince ,6877151199_10151763645211200
114849,The Prince ,6877151199_10152511482226200
114849,The Prince ,6877151199_10153756890276200
114849,The Prince ,6877151199_10154752632116200
116161,Foxcatcher ,6877151199_10152457670661200
117887,Paddington ,6877151199_10155441400767139
142222,Demolition ,6877151199_10153488293831200
136018,Black Mass ,6877151199_10153107083491200
136018,Black Mass ,6877151199_10153111182066200
136018,Black Mass ,6877151199_10153116821851200
136018,Black Mass ,6877151199_10153117047181200
136018,Black Mass ,6877151199_10153117080426200
108156,Ride Along ,6877151199_10151831802241200
108156,Ride Along ,6877151199_10151835066071200
108156,Ride Along ,6877151199_10153299972476200
108156,Ride Along ,6877151199_10153301348741200
108156,Ride Along ,6877151199_10153301991706200
111659,Maleficent ,6877151199_10150895055526200
111659,Maleficent ,6877151199_10152076969106200
111659,Maleficent ,6877151199_10152117732551200
111659,Maleficent ,6877151199_10152119564526200
111659,Maleficent ,6877151199_10152122954151200
111659,Maleficent ,6877151199_10152132986891200
130073,Cinderella ,6877151199_10152511482226200
130073,Cinderella ,6877151199_10152529345856200
130073,Cinderella ,6877151199_10152645979161200
130073,Cinderella ,6877151199_10152672885531200
130073,Cinderella ,6877151199_10152684769391200
130073,Cinderella ,6877151199_10152696838501200
130073,Cinderella ,6877151199_10152698934246200
130073,Cinderella ,6877151199_10152700965236200
135504,Little Boy ,6877151199_10152789237231200
136562,Steve Jobs ,6877151199_10151583687376200
136562,Steve Jobs ,6877151199_10152846537926200
136562,Steve Jobs ,6877151199_10153115815406200
136562,Steve Jobs ,6877151199_10153146490751200
134853,Inside Out ,6877151199_10152919610281200
134853,Inside Out ,6877151199_10152922948076200
134853,Inside Out ,6877151199_10152924883816200
134853,Inside Out ,6877151199_10152947964356200
134853,Inside Out ,6877151199_10152949663786200
134853,Inside Out ,6877151199_10153086898101200
134853,Inside Out ,6877151199_10153398538756200
130468,The Circle ,6877151199_10151162650826200
130468,The Circle ,6877151199_10152638300061200
130468,The Circle ,6877151199_10152646239441200
130468,The Circle ,6877151199_10152648003766200
130468,The Circle ,6877151199_10154499804681200
130468,The Circle ,6877151199_10154502269976200
130468,The Circle ,6877151199_10154502943611200
130468,The Circle ,6877151199_10154759506521200
130468,The Circle ,6877151199_10155324013197139
130468,The Circle ,6877151199_10155629014167139
115617,Big Hero 6 ,6877151199_10152439344321200
115617,Big Hero 6 ,6877151199_10152445562386200
127136,True Story ,6877151199_10151628238641200
140110,The Intern ,6877151199_10151460051041200
140110,The Intern ,6877151199_10151464551606200
140110,The Intern ,6877151199_10153123054166200
140110,The Intern ,6877151199_10153124807581200
140110,The Intern ,6877151199_10153128552531200
140110,The Intern ,6877151199_10153195102396200
140110,The Intern ,6877151199_10153738777401200
140110,The Intern ,6877151199_10153745265531200
140110,The Intern ,6877151199_808380632636327
140529,Sinister 2 ,6877151199_10151145138106200
140529,Sinister 2 ,6877151199_10151467450466200
140529,Sinister 2 ,6877151199_10152761696186200
140529,Sinister 2 ,6877151199_10152971624916200
140529,Sinister 2 ,6877151199_10153059648321200
140529,Sinister 2 ,6877151199_397348173652952
140529,Sinister 2 ,6877151199_425991004124126
140529,Sinister 2 ,6877151199_436229686439102
136672,The Living ,6877151199_10154663293201200
136672,The Living ,6877151199_10154758936271200
134393,Trainwreck ,6877151199_10152885755626200
134393,Trainwreck ,6877151199_10152980828801200
134393,Trainwreck ,6877151199_10152982213946200
134393,Trainwreck ,6877151199_10152983458601200
134393,Trainwreck ,6877151199_10153350643301200
132798,Regression ,6877151199_10153352350166200
145839,Concussion ,6877151199_10153273651561200
150294,The Forest ,6877151199_10151592679396200
150294,The Forest ,6877151199_10153297884571200
143239,By the Sea ,6877151199_10153330408306200
157274,The Choice ,6877151199_10153257001081200
157274,The Choice ,6877151199_10153312520936200
157274,The Choice ,6877151199_10153335464031200
157274,The Choice ,6877151199_10153352301081200
157274,The Choice ,6877151199_10153352354506200
148968,Encounters ,6877151199_10155458068942357
141674,Summertime ,6877151199_10153668856576200
127216,Unexpected ,6877151199_10151127542986200
127216,Unexpected ,6877151199_263057963820465
127216,Unexpected ,6877151199_373618972716996
127216,Unexpected ,6877151199_390821750997496
127216,Unexpected ,6877151199_465187636865099
127216,Unexpected ,6877151199_467681403269972
127216,Unexpected ,6877151199_513589135327417
157224,Nine Lives ,6877151199_10153742691016200
157224,Nine Lives ,6877151199_10153758816421200
160571,Lights Out ,6877151199_10153714864221200
160571,Lights Out ,6877151199_10153725000641200
160571,Lights Out ,6877151199_10153728454846200
160571,Lights Out ,6877151199_10153729003046200
113604,If I Stay ,6877151199_10152275633636200
113604,If I Stay ,6877151199_10152280093846200
155812,Get a Job ,6877151199_10153456299566200
155812,Get a Job ,6877151199_10153463489686200
155812,Get a Job ,6877151199_10153477694931200
155812,Get a Job ,6877151199_10153481308246200
134783,Entourage ,6877151199_10151266546026200
134783,Entourage ,6877151199_10152845836526200
134783,Entourage ,6877151199_10152849543396200
134783,Entourage ,6877151199_10152885754671200
134783,Entourage ,6877151199_10152891839656200
134783,Entourage ,6877151199_10152892110086200
134783,Entourage ,6877151199_10152897272401200
140713,No Escape ,6877151199_10153065943021200
140713,No Escape ,6877151199_10153070983331200
140713,No Escape ,6877151199_10153074171426200
108190,Divergent ,6877151199_10151608770301200
108190,Divergent ,6877151199_10151752256351200
108190,Divergent ,6877151199_10151966846666200
108190,Divergent ,6877151199_10151982629286200
108190,Divergent ,6877151199_10151992707036200
108190,Divergent ,6877151199_10151995947206200
108190,Divergent ,6877151199_10151999116761200
108190,Divergent ,6877151199_10152664437286200
108190,Divergent ,6877151199_10152672881456200
108190,Divergent ,6877151199_10152684766241200
108190,Divergent ,6877151199_10152705259466200
108190,Divergent ,6877151199_10152707724526200
108190,Divergent ,6877151199_10152707728516200
108190,Divergent ,6877151199_10152712782811200
108190,Divergent ,6877151199_10152717229616200
108190,Divergent ,6877151199_10152720017341200
108190,Divergent ,6877151199_10152721427906200
108190,Divergent ,6877151199_10153400357701200
108190,Divergent ,6877151199_10153407198241200
108190,Divergent ,6877151199_10153408272666200
108190,Divergent ,6877151199_10153434421806200
108190,Divergent ,6877151199_10153438613271200
108190,Divergent ,6877151199_10153438619001200
142488,Spotlight ,6877151199_10152592796621200
142488,Spotlight ,6877151199_10153206018941200
142488,Spotlight ,6877151199_10153398197611200
111113,Neighbors ,6877151199_10152076588356200
111113,Neighbors ,6877151199_10152081843681200
111113,Neighbors ,6877151199_10152083540391200
111113,Neighbors ,6877151199_10152085188206200
111113,Neighbors ,6877151199_10152363514071200
111113,Neighbors ,6877151199_10153578683631200
111113,Neighbors ,6877151199_10153578693266200
111113,Neighbors ,6877151199_10153590457656200
111113,Neighbors ,6877151199_10153590465911200
111113,Neighbors ,6877151199_10153591500501200
111113,Neighbors ,6877151199_10153593154316200
157835,Sacrifice ,6877151199_10152876652301200
157835,Sacrifice ,6877151199_10153128278651200
155509,Mr. Right ,6877151199_10153505324566200
110453,Draft Day ,6877151199_10152005087521200
110453,Draft Day ,6877151199_10152028801116200
110453,Draft Day ,6877151199_10152032134471200
118706,Black Sea ,6877151199_10152611861506200
118706,Black Sea ,6877151199_10152624369571200
112556,Gone Girl ,6877151199_10152327156436200
112556,Gone Girl ,6877151199_10152357125341200
112556,Gone Girl ,6877151199_10152369601166200
112556,Gone Girl ,6877151199_10152373219011200
112556,Gone Girl ,6877151199_10152404507901200
113207,Get on Up ,6877151199_10151048541421200
113207,Get on Up ,6877151199_10152904565241200
113207,Get on Up ,6877151199_10153945836491200
113207,Get on Up ,6877151199_10153957777441200
130634,Furious 7 ,6877151199_10151279087371200
130634,Furious 7 ,6877151199_10151382614291200
130634,Furious 7 ,6877151199_10151412307146200
130634,Furious 7 ,6877151199_10151443402461200
130634,Furious 7 ,6877151199_10151449049106200
130634,Furious 7 ,6877151199_10151452532951200
130634,Furious 7 ,6877151199_10151455585091200
130634,Furious 7 ,6877151199_10152468750086200
130634,Furious 7 ,6877151199_10152671120296200
130634,Furious 7 ,6877151199_10152712903931200
130634,Furious 7 ,6877151199_10152727213216200
130634,Furious 7 ,6877151199_10152727600776200
130634,Furious 7 ,6877151199_10152735448291200
130634,Furious 7 ,6877151199_10152735453211200
130634,Furious 7 ,6877151199_10152743367251200
130634,Furious 7 ,6877151199_10152744537166200
130634,Furious 7 ,6877151199_10152745244926200
130634,Furious 7 ,6877151199_10152745251646200
130634,Furious 7 ,6877151199_10152748013651200
130634,Furious 7 ,6877151199_10152748021871200
130634,Furious 7 ,6877151199_10152748193266200
130634,Furious 7 ,6877151199_10152749273616200
130634,Furious 7 ,6877151199_10153128327471200
130634,Furious 7 ,6877151199_10153271001866200
130634,Furious 7 ,6877151199_10153605945891200
130634,Furious 7 ,6877151199_10154370443841200
130634,Furious 7 ,6877151199_10154392383451200
130634,Furious 7 ,6877151199_10154431368506200
130634,Furious 7 ,6877151199_10154433053206200
130634,Furious 7 ,6877151199_10154436384416200
130634,Furious 7 ,6877151199_10154455568811200
130634,Furious 7 ,6877151199_10154455576266200
130634,Furious 7 ,6877151199_10154462139456200
130634,Furious 7 ,6877151199_10154464594306200
130634,Furious 7 ,6877151199_10154471590471200
130634,Furious 7 ,6877151199_10154491425471200
130634,Furious 7 ,6877151199_10154499879906200
130634,Furious 7 ,6877151199_10154556263971200
130634,Furious 7 ,6877151199_10154574654472631
130634,Furious 7 ,6877151199_10155066303102139
130634,Furious 7 ,6877151199_10155166203492139
130634,Furious 7 ,6877151199_501904743209240
150344,Bang Bang ,6877151199_10151024849481200
150344,Bang Bang ,6877151199_10151107013861200
150344,Bang Bang ,6877151199_10153738777401200
150344,Bang Bang ,6877151199_444542285637794
130490,Insurgent ,6877151199_10151992707036200
130490,Insurgent ,6877151199_10152664437286200
130490,Insurgent ,6877151199_10152672881456200
130490,Insurgent ,6877151199_10152684766241200
130490,Insurgent ,6877151199_10152690691556200
130490,Insurgent ,6877151199_10152696840811200
130490,Insurgent ,6877151199_10152705259466200
130490,Insurgent ,6877151199_10152707724526200
130490,Insurgent ,6877151199_10152707728516200
130490,Insurgent ,6877151199_10152712782811200
130490,Insurgent ,6877151199_10152717229616200
130490,Insurgent ,6877151199_10152718660226200
130490,Insurgent ,6877151199_10152720017341200
130490,Insurgent ,6877151199_10152721427906200
130490,Insurgent ,6877151199_10153400357701200
115149,John Wick ,6877151199_10152408512891200
115149,John Wick ,6877151199_10154248444206200
115149,John Wick ,6877151199_10154253126101200
115149,John Wick ,6877151199_10154258696551200
115149,John Wick ,6877151199_10154270263471200
115149,John Wick ,6877151199_10154280464076200
115149,John Wick ,6877151199_10154288525856200
115149,John Wick ,6877151199_10154328938466200
115149,John Wick ,6877151199_10154627304631200
115149,John Wick ,6877151199_10154985974212139
115149,John Wick ,6877151199_10155066040897139
143713,My Mother ,6877151199_10154062232051200
125914,Mortdecai ,6877151199_10152606811876200
125914,Mortdecai ,6877151199_10152610304541200
114713,Annabelle ,6877151199_10152373219011200
114713,Annabelle ,6877151199_10153863486336200
114713,Annabelle ,6877151199_10154424877576200
114713,Annabelle ,6877151199_10154627318566200
114713,Annabelle ,6877151199_10155243393732139
114713,Annabelle ,6877151199_10155414603182139
114713,Annabelle ,6877151199_10155513215422139
143168,Wild Life ,6877151199_10153843221716200
140523,Visit The ,6877151199_10151343674406200
140523,Visit The ,6877151199_10153102341886200
140523,Visit The ,6877151199_10153102379176200
140523,Visit The ,6877151199_149625521826771
140523,Visit The ,6877151199_162853240522966
140523,Visit The ,6877151199_380209598725877
159177,King Jack ,6877151199_10152647700796200
140267,The Witch ,6877151199_10151119797281200
140267,The Witch ,6877151199_10151182041136200
140267,The Witch ,6877151199_10151370623696200
140267,The Witch ,6877151199_10153026583091200
140267,The Witch ,6877151199_10153155111616200
140267,The Witch ,6877151199_10153171635986200
140267,The Witch ,6877151199_10153177977421200
140267,The Witch ,6877151199_10153377968626200
140267,The Witch ,6877151199_10153488281966200
140267,The Witch ,6877151199_10153860815986200
140267,The Witch ,6877151199_175742792561314
141131,Guardians ,6877151199_10151136346606200
141131,Guardians ,6877151199_10151203208866200
141131,Guardians ,6877151199_10152143143356200
141131,Guardians ,6877151199_10152146729546200
141131,Guardians ,6877151199_10152198332936200
141131,Guardians ,6877151199_10152238977141200
141131,Guardians ,6877151199_10152244182871200
141131,Guardians ,6877151199_10152244483911200
141131,Guardians ,6877151199_10152262512036200
141131,Guardians ,6877151199_10152320828136200
141131,Guardians ,6877151199_10152330620011200
141131,Guardians ,6877151199_10152363518351200
141131,Guardians ,6877151199_10152907216691200
141131,Guardians ,6877151199_10152935236076200
141131,Guardians ,6877151199_10152971458901200
141131,Guardians ,6877151199_10153001636546200
141131,Guardians ,6877151199_10153738780831200
141131,Guardians ,6877151199_10153803510886200
141131,Guardians ,6877151199_10153995942401200
141131,Guardians ,6877151199_10154267613341200
141131,Guardians ,6877151199_10154286038866200
141131,Guardians ,6877151199_10154313771541200
141131,Guardians ,6877151199_10154329671551200
141131,Guardians ,6877151199_10154387075646200
141131,Guardians ,6877151199_10154392101331200
141131,Guardians ,6877151199_10154397491846200
141131,Guardians ,6877151199_10154397871761200
141131,Guardians ,6877151199_10154471432386200
141131,Guardians ,6877151199_10154477309166200
141131,Guardians ,6877151199_10154482444421200
141131,Guardians ,6877151199_10154511435986200
141131,Guardians ,6877151199_10154511442906200
141131,Guardians ,6877151199_10154516017076200
141131,Guardians ,6877151199_10154516960466200
141131,Guardians ,6877151199_10154519305826200
141131,Guardians ,6877151199_10154519344421200
141131,Guardians ,6877151199_10154522565316200
141131,Guardians ,6877151199_10154531115226200
141131,Guardians ,6877151199_10154531531931200
141131,Guardians ,6877151199_10154540758441200
141131,Guardians ,6877151199_10154543586256200
141131,Guardians ,6877151199_10154552899926200
141131,Guardians ,6877151199_10154553156641200
141131,Guardians ,6877151199_10154563143801200
141131,Guardians ,6877151199_10154565474216200
141131,Guardians ,6877151199_10154575097481200
141131,Guardians ,6877151199_10154755687551200
141131,Guardians ,6877151199_10154774686371200
141131,Guardians ,6877151199_10155066131607139
141131,Guardians ,6877151199_10155137374142139
161068,Countdown ,6877151199_10150908948156200
130956,Child 44 ,6877151199_10152777686441200
130956,Child 44 ,6877151199_10153896603586200
112911,Hercules ,6877151199_10151870758911200
112911,Hercules ,6877151199_10152230702246200
112911,Hercules ,6877151199_10152280460731200
122904,Deadpool ,6877151199_10153023513971200
122904,Deadpool ,6877151199_10153263782166200
122904,Deadpool ,6877151199_10153277377556200
122904,Deadpool ,6877151199_10153327360006200
122904,Deadpool ,6877151199_10153361040636200
122904,Deadpool ,6877151199_10153362937786200
122904,Deadpool ,6877151199_10153366509841200
122904,Deadpool ,6877151199_10153564320296200
122904,Deadpool ,6877151199_10153652611786200
122904,Deadpool ,6877151199_10153770241536200
122904,Deadpool ,6877151199_10153890036476200
122904,Deadpool ,6877151199_10153957781946200
122904,Deadpool ,6877151199_10154200191031200
122904,Deadpool ,6877151199_10154392643616200
122904,Deadpool ,6877151199_10154455086666200
122904,Deadpool ,6877151199_10154804702511200
136598,Vacation ,6877151199_10152458302561200
136598,Vacation ,6877151199_10152458468806200
136598,Vacation ,6877151199_10153013438671200
136598,Vacation ,6877151199_10153013457031200
136598,Vacation ,6877151199_10153015376926200
136598,Vacation ,6877151199_10153039241356200
136598,Vacation ,6877151199_10153687676431200
143237,Freeheld ,6877151199_10153137205771200
126548,The DUFF ,6877151199_10152616731761200
126548,The DUFF ,6877151199_10152658229186200
126548,The DUFF ,6877151199_10152662438721200
126548,The DUFF ,6877151199_10152664333521200
152061,Triple 9 ,6877151199_10152173600571200
152061,Triple 9 ,6877151199_10153088836286200
152061,Triple 9 ,6877151199_10153387899781200
152061,Triple 9 ,6877151199_10153393210236200
152061,Triple 9 ,6877151199_10153393557861200
109072,Sabotage ,6877151199_10152006358456200
109072,Sabotage ,6877151199_10152011017681200
139642,Southpaw ,6877151199_10152994485166200
139642,Southpaw ,6877151199_10153001606786200
118702,Unbroken ,6877151199_10152521611816200
118702,Unbroken ,6877151199_10152530875391200
118702,Unbroken ,6877151199_10152530884746200
127319,The Loft ,6877151199_10152624386681200
112788,Sex Tape ,6877151199_10152200310626200
161131,War Dogs ,6877151199_10153777013676200
161131,War Dogs ,6877151199_10153777568466200
161131,War Dogs ,6877151199_10153793563236200
161131,War Dogs ,6877151199_10153793872781200
161131,War Dogs ,6877151199_10153796427661200
109578,Non-Stop ,6877151199_10151954994641200
130496,Big Game ,6877151199_10151204567171200
130496,Big Game ,6877151199_10151268296496200
130496,Big Game ,6877151199_10154262555126200
127108,Brooklyn ,6877151199_10151383830086200
127108,Brooklyn ,6877151199_10153172431126200
127108,Brooklyn ,6877151199_10153350725601200
160581,The Duel ,6877151199_10153658832536200
142110,Man Down ,6877151199_10151374727301200
142110,Man Down ,6877151199_10151413696011200
142110,Man Down ,6877151199_10151440354631200
142110,Man Down ,6877151199_10152749269816200
142110,Man Down ,6877151199_10153420266596200
131013,Get Hard ,6877151199_10150654373826200
131013,Get Hard ,6877151199_10151224922351200
131013,Get Hard ,6877151199_10151292218511200
131013,Get Hard ,6877151199_10152733357621200
131013,Get Hard ,6877151199_10152734847411200
131013,Get Hard ,6877151199_402338866523098
157312,The Boss ,6877151199_10152478553981200
157312,The Boss ,6877151199_10153500948021200
157312,The Boss ,6877151199_10153503079156200
157312,The Boss ,6877151199_10153505079011200
157312,The Boss ,6877151199_10153505324566200
157312,The Boss ,6877151199_10154397914901200
157312,The Boss ,6877151199_10154414485461200
157312,The Boss ,6877151199_10154417012891200
157312,The Boss ,6877151199_10154425562806200
157312,The Boss ,6877151199_10154436309851200
120637,Blackhat ,6877151199_10152592796621200
118924,Top Five ,6877151199_10151175660356200
118924,Top Five ,6877151199_10152504451746200
118924,Top Five ,6877151199_10152506023251200
118924,Top Five ,6877151199_10152507934976200
127178,99 Homes ,6877151199_10153124483836200
152081,Zootopia ,6877151199_10153348400871200
152081,Zootopia ,6877151199_10153401990091200
152081,Zootopia ,6877151199_10153403668506200
152081,Zootopia ,6877151199_10153630399041200
152081,Zootopia ,6877151199_10154186166351200
152081,Zootopia ,6877151199_10154209010511200
152081,Zootopia ,6877151199_10154324984641200
135530,Criminal ,6877151199_10153513969246200
142509,Hardcore ,6877151199_10153505340451200
134246,Survivor ,6877151199_10151872624886200
132356,Survivor ,6877151199_10151872624886200
152974,The Sand ,6877151199_10151505338181200
152974,The Sand ,6877151199_10151551738611200
152974,The Sand ,6877151199_10151956374041200
152974,The Sand ,6877151199_10152094550226200
152974,The Sand ,6877151199_10152999643776200
152974,The Sand ,6877151199_302704993175574
152974,The Sand ,6877151199_316374621744555
152974,The Sand ,6877151199_401466093302758
138208,The Walk ,6877151199_10151836508331200
138208,The Walk ,6877151199_10152876564266200
138208,The Walk ,6877151199_10153088827391200
138208,The Walk ,6877151199_10153116929081200
138208,The Walk ,6877151199_10153146490751200
138208,The Walk ,6877151199_10153149730421200
138208,The Walk ,6877151199_10153312520936200
154480,Creature ,6877151199_10151277385136200
154915,Remember ,6877151199_10150705262316200
154915,Remember ,6877151199_10151763645211200
154915,Remember ,6877151199_10151772697476200
154915,Remember ,6877151199_10151891663581200
154915,Remember ,6877151199_10153136220601200
154915,Remember ,6877151199_10153339016541200
154915,Remember ,6877151199_399372033455857
152270,The Wait ,6877151199_10154657717616200
152270,The Wait ,6877151199_10154666354776200
141120,Brothers ,6877151199_10152238579471200
141120,Brothers ,6877151199_10153378312526200
141120,Brothers ,6877151199_10153420017061200
141120,Brothers ,6877151199_10153421311296200
141120,Brothers ,6877151199_10153843392616200
141120,Brothers ,6877151199_10153845115051200
138210,13 Hours ,6877151199_10153301344081200
138210,13 Hours ,6877151199_10153314695631200
138210,13 Hours ,6877151199_10153330002196200
138210,13 Hours ,6877151199_10153333986411200
138210,13 Hours ,6877151199_10153334034866200
140247,The Gift ,6877151199_10151343674406200
140247,The Gift ,6877151199_10151419776831200
140247,The Gift ,6877151199_10153009167186200
140247,The Gift ,6877151199_10154064774486200
140247,The Gift ,6877151199_10154067866096200
140247,The Gift ,6877151199_10154075511851200
140247,The Gift ,6877151199_10154078380111200
140247,The Gift ,6877151199_10154078907736200
140247,The Gift ,6877151199_10154104053711200
140247,The Gift ,6877151199_10154104071196200
140247,The Gift ,6877151199_10154125792401200
140247,The Gift ,6877151199_10154126046371200
140247,The Gift ,6877151199_10154126061066200
140247,The Gift ,6877151199_10154126070271200
140247,The Gift ,6877151199_338708096237301
128620,Victoria ,6877151199_10151072183846200
161580,Bad Moms ,6877151199_10153652650691200
161580,Bad Moms ,6877151199_10153675578121200
161580,Bad Moms ,6877151199_10153681841711200
161580,Bad Moms ,6877151199_10153694260616200
161580,Bad Moms ,6877151199_10153696865826200
161580,Bad Moms ,6877151199_10153714931006200
161580,Bad Moms ,6877151199_10153724868731200
161580,Bad Moms ,6877151199_10153743616051200
161580,Bad Moms ,6877151199_10153744795421200
161580,Bad Moms ,6877151199_10153775069146200
161580,Bad Moms ,6877151199_10155541535987139
162580,Paradise ,6877151199_10152647700796200
162580,Paradise ,6877151199_10153182152081200
111617,Blended ,6877151199_10151956374041200
111617,Blended ,6877151199_10152107835251200
108945,RoboCop ,6877151199_10151062599301200
120466,Chappie ,6877151199_10152676081601200
120466,Chappie ,6877151199_10152689841796200
120466,Chappie ,6877151199_10152694968231200
149354,Sisters ,6877151199_10152838473021200
149354,Sisters ,6877151199_10153015671936200
149354,Sisters ,6877151199_10153128170356200
149354,Sisters ,6877151199_10153237489096200
149354,Sisters ,6877151199_10153258562651200
149354,Sisters ,6877151199_10153261482661200
149354,Sisters ,6877151199_10153505559436200
110968,Pompeii ,6877151199_10151947647671200
110968,Pompeii ,6877151199_388639197947761
114265,Laggies ,6877151199_10152417246036200
143317,The Cut ,6877151199_10153518077916200
143317,The Cut ,6877151199_325177000869484
135887,Minions ,6877151199_10151530457376200
135887,Minions ,6877151199_10152342965216200
135887,Minions ,6877151199_10152900636226200
135887,Minions ,6877151199_10152920796761200
135887,Minions ,6877151199_10152925960536200
135887,Minions ,6877151199_10152937138656200
135887,Minions ,6877151199_10152954239736200
135887,Minions ,6877151199_10152968814076200
135887,Minions ,6877151199_10152968929261200
135887,Minions ,6877151199_10152970069896200
135887,Minions ,6877151199_10152971438026200
135887,Minions ,6877151199_10152971451811200
135887,Minions ,6877151199_10153660771781200
135887,Minions ,6877151199_10153677301111200
135887,Minions ,6877151199_10154128426821200
135887,Minions ,6877151199_10154138814577592
135887,Minions ,6877151199_10154571542181200
135887,Minions ,6877151199_10154585003256200
135887,Minions ,6877151199_10154676050761200
135887,Minions ,6877151199_10154688223081200
135887,Minions ,6877151199_10154695859776200
135887,Minions ,6877151199_10154711180816200
135887,Minions ,6877151199_10154718786731200
135887,Minions ,6877151199_10155184119577139
129313,Reality ,6877151199_10154362208171200
141902,Gabriel ,6877151199_10152504451746200
130462,The Boy ,6877151199_10152608074721200
130462,The Boy ,6877151199_10152610304541200
130462,The Boy ,6877151199_10152755439236200
130462,The Boy ,6877151199_10153320677806200
130462,The Boy ,6877151199_10154365634396200
130462,The Boy ,6877151199_10154663293201200
120635,Taken 3 ,6877151199_10150978931396200
120635,Taken 3 ,6877151199_10151041275921200
120635,Taken 3 ,6877151199_10151041275981200
120635,Taken 3 ,6877151199_10151041276061200
120635,Taken 3 ,6877151199_10151041276116200
120635,Taken 3 ,6877151199_10152585541371200
120635,Taken 3 ,6877151199_10152585745016200
120635,Taken 3 ,6877151199_393436174061938
120635,Taken 3 ,6877151199_425991004124126
120635,Taken 3 ,6877151199_469854166367859
141799,Cooties ,6877151199_10153112917061200
115151,Plastic ,6877151199_10154675777101200
134823,Freedom ,6877151199_10153860773766200
134823,Freedom ,6877151199_10155066455337139
142448,Everest ,6877151199_10153084190591200
142448,Everest ,6877151199_10153123052466200
131168,Phoenix ,6877151199_10150621584736200
131168,Phoenix ,6877151199_10151166477306200
165101,Inferno ,6877151199_10153590452231200
165101,Inferno ,6877151199_10153951945096200
165101,Inferno ,6877151199_10153965420986200
165101,Inferno ,6877151199_10153970512496200
165101,Inferno ,6877151199_10153972881866200
165101,Inferno ,6877151199_10153975308561200
165101,Inferno ,6877151199_10154774686371200
132335,Breathe ,6877151199_10153808605141200
132335,Breathe ,6877151199_10153813464396200
132335,Breathe ,6877151199_10153826243256200
139644,Sicario ,6877151199_10153113274771200
139644,Sicario ,6877151199_10153135991101200
141704,Phantom ,6877151199_10150526986311200
141704,Phantom ,6877151199_10150542774386200
158830,The BFG ,6877151199_10153247323746200
158830,The BFG ,6877151199_10153500912971200
158830,The BFG ,6877151199_10153677860421200
158830,The BFG ,6877151199_10153681724221200
157699,Snowden ,6877151199_10153855634126200
157699,Snowden ,6877151199_10153860151451200
157699,Snowden ,6877151199_10153860773766200
157699,Snowden ,6877151199_10153860815986200
157699,Snowden ,6877151199_10153860831171200
157699,Snowden ,6877151199_10153935980676200
141950,6 Years ,6877151199_10151707872141200
141950,6 Years ,6877151199_10153058379516200
141950,6 Years ,6877151199_10154527803191200
153672,Chronic ,6877151199_10150526986311200
153672,Chronic ,6877151199_10150542774386200
135534,Krampus ,6877151199_10153233328976200
135534,Krampus ,6877151199_10153235884106200
135534,Krampus ,6877151199_10153237513651200
151639,The Boy ,6877151199_10152608074721200
151639,The Boy ,6877151199_10152610304541200
151639,The Boy ,6877151199_10152755439236200
151639,The Boy ,6877151199_10153320677806200
151639,The Boy ,6877151199_10154365634396200
151639,The Boy ,6877151199_10154663293201200
142503,Shut In ,6877151199_10154006044386200
156898,Darling ,6877151199_10151699831436200
132549,Grandma ,6877151199_10153102358706200
151755,Orleans ,6877151199_10152907240361200
161046,Charlie ,6877151199_10150901163636200
161046,Charlie ,6877151199_10151066241126200
161046,Charlie ,6877151199_10151529118301200
161046,Charlie ,6877151199_10151619823971200
161046,Charlie ,6877151199_10153178884941200
161046,Charlie ,6877151199_10153733628776200
161046,Charlie ,6877151199_10154294169886200
161046,Charlie ,6877151199_144213762446684
165141,Trolls ,6877151199_10153729825586200
165141,Trolls ,6877151199_10153738777401200
165141,Trolls ,6877151199_10153863486336200
165141,Trolls ,6877151199_10153975630261200
165141,Trolls ,6877151199_10153990538076200
165141,Trolls ,6877151199_10153995212486200
133782,Maggie ,6877151199_10153335464031200
133782,Maggie ,6877151199_174993146011078
131448,Walter ,6877151199_10151352147901200
131448,Walter ,6877151199_10151797353541200
131448,Walter ,6877151199_10151829869881200
131448,Walter ,6877151199_10151842561146200
131448,Walter ,6877151199_10151848018701200
131448,Walter ,6877151199_10151855134741200
131448,Walter ,6877151199_10153531450361200
131448,Walter ,6877151199_10154331303781200
131448,Walter ,6877151199_10154566476411200
131464,Kristy ,6877151199_10150621584736200
135137,Pixels ,6877151199_10152984491346200
135137,Pixels ,6877151199_10152996156116200
135137,Pixels ,6877151199_10152999637091200
135137,Pixels ,6877151199_10152999643776200
135137,Pixels ,6877151199_10152999649996200
135137,Pixels ,6877151199_10153001606786200
135137,Pixels ,6877151199_10153009341161200
135137,Pixels ,6877151199_10153015379201200
142999,Hidden ,6877151199_10150654373826200
142999,Hidden ,6877151199_10153851008991200
142999,Hidden ,6877151199_10154042909236200
142999,Hidden ,6877151199_10154043840761200
142999,Hidden ,6877151199_10154134016196200
142999,Hidden ,6877151199_10154177259231200
142999,Hidden ,6877151199_10154178069971200
142999,Hidden ,6877151199_10154180944076200
142999,Hidden ,6877151199_10154253711726200
142999,Hidden ,6877151199_1328720097216622
117474,Iceman ,6877151199_10151281497866200
132660,Man Up ,6877151199_10152053838281200
132660,Man Up ,6877151199_10152297546901200
132660,Man Up ,6877151199_10154451621331200
145418,Trumbo ,6877151199_10153040967296200
145418,Trumbo ,6877151199_10153193184581200
145418,Trumbo ,6877151199_10153193827701200
145418,Trumbo ,6877151199_10153350692636200
133377,Infini ,6877151199_10153401990091200
133377,Infini ,6877151199_10153897934311200
133377,Infini ,6877151199_10154477309166200
133377,Infini ,6877151199_10154502930666200
133377,Infini ,6877151199_10154755687551200
133377,Infini ,6877151199_10154783288546200
133377,Infini ,6877151199_10155081269057139
160515,Dead 7 ,6877151199_10151333622906200
160515,Dead 7 ,6877151199_10151373408861200
160515,Dead 7 ,6877151199_10153023513971200
160515,Dead 7 ,6877151199_10153263782166200
160515,Dead 7 ,6877151199_10153277377556200
160515,Dead 7 ,6877151199_10153327360006200
160515,Dead 7 ,6877151199_10153361040636200
160515,Dead 7 ,6877151199_10153362937786200
160515,Dead 7 ,6877151199_10153366290561200
160515,Dead 7 ,6877151199_10153564320296200
160515,Dead 7 ,6877151199_10153652611786200
160515,Dead 7 ,6877151199_10153957781946200
160515,Dead 7 ,6877151199_10153988215231200
160515,Dead 7 ,6877151199_10154200191031200
160515,Dead 7 ,6877151199_10154392643616200
160515,Dead 7 ,6877151199_10154455086666200
160515,Dead 7 ,6877151199_10154527941311200
160515,Dead 7 ,6877151199_10154566461661200
160515,Dead 7 ,6877151199_10154584949431200
160515,Dead 7 ,6877151199_10154587430306200
160515,Dead 7 ,6877151199_10154588168871200
160515,Dead 7 ,6877151199_10154758936271200
160515,Dead 7 ,6877151199_10154804702511200
160515,Dead 7 ,6877151199_10155066228227139
160515,Dead 7 ,6877151199_10155187416542139
160515,Dead 7 ,6877151199_185773798238238
162594,Morgan ,6877151199_10153193180801200
162594,Morgan ,6877151199_10153779570081200
162594,Morgan ,6877151199_10153781814461200
162594,Morgan ,6877151199_10153813329106200
162594,Morgan ,6877151199_10153826243256200
162594,Morgan ,6877151199_10153826248211200
162594,Morgan ,6877151199_10154388596231200
162594,Morgan ,6877151199_10154431368506200
162594,Morgan ,6877151199_196513603806369
164200,Storks ,6877151199_10153877869061200
118700,Selma ,6877151199_10152585745016200
118700,Selma ,6877151199_10152599819411200
115534,Ouija ,6877151199_10152408903736200
115534,Ouija ,6877151199_10153965886706200
115534,Ouija ,6877151199_10153968570011200
115534,Ouija ,6877151199_10153972881866200
115534,Ouija ,6877151199_10153975308561200
134528,Aloha ,6877151199_10152849572416200
134528,Aloha ,6877151199_10152862547031200
134528,Aloha ,6877151199_10152869584046200
134528,Aloha ,6877151199_10152875766101200
134528,Aloha ,6877151199_10152876568526200
134528,Aloha ,6877151199_10152876868796200
161968,Dough ,6877151199_10150595726786200
161968,Dough ,6877151199_10150599315356200
161968,Dough ,6877151199_10153233328976200
114707,Horns ,6877151199_10152425494311200
114707,Horns ,6877151199_10152433256176200
130052,Clown ,6877151199_10154774932231200
120132,Annie ,6877151199_10152508358376200
120132,Annie ,6877151199_10152522043446200
120132,Annie ,6877151199_10152522158146200
120132,Annie ,6877151199_10153696865826200
110655,Rio 2 ,6877151199_10152027194936200
110655,Rio 2 ,6877151199_10152030805936200
110655,Rio 2 ,6877151199_10153601627001200
110655,Rio 2 ,6877151199_10153631189656200
110655,Rio 2 ,6877151199_10153679257336200
110655,Rio 2 ,6877151199_10153679975416200
110655,Rio 2 ,6877151199_10153682366936200
110655,Rio 2 ,6877151199_10153708093156200
110655,Rio 2 ,6877151199_10153761469366200
110655,Rio 2 ,6877151199_501904743209240
133645,Carol ,6877151199_10151219544006200
133645,Carol ,6877151199_10153354010236200
136602,Creep ,6877151199_10151721879766200
136602,Creep ,6877151199_502540373108571
110678,Bears ,6877151199_10152043127311200
110678,Bears ,6877151199_10152052358031200
142536,Burnt ,6877151199_10153160756586200
142536,Burnt ,6877151199_10153177562866200
129333,Julia ,6877151199_10151222319691200
129333,Julia ,6877151199_10152635346566200
129333,Julia ,6877151199_10152649807031200
129333,Julia ,6877151199_10153117080426200
129333,Julia ,6877151199_10153137205771200
129333,Julia ,6877151199_10153201518526200
129333,Julia ,6877151199_10153533428671200
129333,Julia ,6877151199_10153548108716200
129333,Julia ,6877151199_10153570431556200
129333,Julia ,6877151199_10153576680056200
162160,Viral ,6877151199_10150950424326200
115437,Blind ,6877151199_10153350125906200
115437,Blind ,6877151199_10153734029626200
115437,Blind ,6877151199_10154516803917139
135861,Ted 2 ,6877151199_10150866977571200
135861,Ted 2 ,6877151199_10150912999046200
135861,Ted 2 ,6877151199_10150927240266200
135861,Ted 2 ,6877151199_10150970368406200
135861,Ted 2 ,6877151199_10152623150251200
135861,Ted 2 ,6877151199_10152892092021200
135861,Ted 2 ,6877151199_10152933027031200
135861,Ted 2 ,6877151199_10152935212601200
135861,Ted 2 ,6877151199_10152940156771200
135861,Ted 2 ,6877151199_10152941173861200
135861,Ted 2 ,6877151199_10153843267426200
135861,Ted 2 ,6877151199_325032290920466
164635,Bleed ,6877151199_10153990087711200
164635,Bleed ,6877151199_10154028869646200
118117,Grace ,6877151199_10152280093846200
118117,Grace ,6877151199_10153335464031200
118117,Grace ,6877151199_1391875254371463
118117,Grace ,6877151199_259296714188563
118117,Grace ,6877151199_392239867558229
146656,Creed ,6877151199_10150936872991200
146656,Creed ,6877151199_10152951290161200
146656,Creed ,6877151199_10153109815876200
146656,Creed ,6877151199_10153215138526200
146656,Creed ,6877151199_10153224685531200
146656,Creed ,6877151199_10153224687591200
146656,Creed ,6877151199_10153239547491200
146656,Creed ,6877151199_10153576569251200
146656,Creed ,6877151199_10154118265506200
146656,Creed ,6877151199_10154126047196200
146656,Creed ,6877151199_10154132445601200
145142,Curve ,6877151199_10151065983116200
145142,Curve ,6877151199_477791728921142
151687,Risen ,6877151199_10153385492561200
160980,Sully ,6877151199_10151156409716200
160980,Sully ,6877151199_10151304367546200
160980,Sully ,6877151199_10153842492791200
160980,Sully ,6877151199_10153842762251200
160980,Sully ,6877151199_10153843221716200
160980,Sully ,6877151199_10153843264661200
160980,Sully ,6877151199_10153843269721200
146900,Heist ,6877151199_10153205808986200
160954,Nerve ,6877151199_10153744795421200
139831,Messi ,6877151199_10153421307426200
148482,Truth ,6877151199_10151205715411200
148482,Truth ,6877151199_10153162226276200
148482,Truth ,6877151199_10153952360681200
148482,Truth ,6877151199_10155194052312139
148482,Truth ,6877151199_10155617836962139
155820,Keanu ,6877151199_10152408512891200
155820,Keanu ,6877151199_10153146745886200
155820,Keanu ,6877151199_10153393522051200
155820,Keanu ,6877151199_10153429461346200
155820,Keanu ,6877151199_10153536008541200
155820,Keanu ,6877151199_10153548381531200
155820,Keanu ,6877151199_10153952360681200
155820,Keanu ,6877151199_10154328938466200
155820,Keanu ,6877151199_164983610305269
150608,Ellis ,6877151199_10151048541421200
110127,Noah ,6877151199_10151297714916200
110127,Noah ,6877151199_10151980624841200
110127,Noah ,6877151199_10152002840116200
110127,Noah ,6877151199_10152004601381200
110127,Noah ,6877151199_10152009456761200
110127,Noah ,6877151199_10152039185391200
133291,Pump ,6877151199_10154013959411200
111360,Lucy ,6877151199_10152223313586200
114670,Tusk ,6877151199_10152356902311200
