159690,Teenage Mutant Ninja Turtles: Out of the Shadows ,15925638948_10153925132533949
122886,Star Wars: Episode VII - The Force Awakens ,15925638948_10153374622003949
122886,Star Wars: Episode VII - The Force Awakens ,15925638948_10153696402278949
122886,Star Wars: Episode VII - The Force Awakens ,15925638948_10153869400083949
122886,Star Wars: Episode VII - The Force Awakens ,15925638948_10154295516448949
118696,The Hobbit: The Battle of the Five Armies ,15925638948_10152479761173949
118696,The Hobbit: The Battle of the Five Armies ,15925638948_10152690027653949
118696,The Hobbit: The Battle of the Five Armies ,15925638948_10153058159388949
118696,The Hobbit: The Battle of the Five Armies ,15925638948_10153062573858949
118696,The Hobbit: The Battle of the Five Armies ,15925638948_10153112548738949
118696,The Hobbit: The Battle of the Five Armies ,15925638948_10153120052708949
119155,Night at the Museum: Secret of the Tomb ,15925638948_10152971653458949
116823,The Hunger Games: Mockingjay - Part 1 ,15925638948_10152282369023949
116823,The Hunger Games: Mockingjay - Part 1 ,15925638948_10152695465428949
116823,The Hunger Games: Mockingjay - Part 1 ,15925638948_10152908160503949
116823,The Hunger Games: Mockingjay - Part 1 ,15925638948_10152966238728949
116823,The Hunger Games: Mockingjay - Part 1 ,15925638948_10152991488248949
116823,The Hunger Games: Mockingjay - Part 1 ,15925638948_10152993768228949
116823,The Hunger Games: Mockingjay - Part 1 ,15925638948_10153006943323949
116823,The Hunger Games: Mockingjay - Part 1 ,15925638948_10153009387573949
116823,The Hunger Games: Mockingjay - Part 1 ,15925638948_10153023759838949
116823,The Hunger Games: Mockingjay - Part 1 ,15925638948_10153026341703949
135133,The Hunger Games: Mockingjay - Part 2 ,15925638948_10153006943323949
135133,The Hunger Games: Mockingjay - Part 2 ,15925638948_10153009387573949
135133,The Hunger Games: Mockingjay - Part 2 ,15925638948_10153305347643949
135133,The Hunger Games: Mockingjay - Part 2 ,15925638948_10153890547183949
135133,The Hunger Games: Mockingjay - Part 2 ,15925638948_10153914549743949
129428,The Second Best Exotic Marigold Hotel ,15925638948_10153218091378949
107769,Paranormal Activity: The Marked Ones ,15925638948_10152243235823949
107769,Paranormal Activity: The Marked Ones ,15925638948_10152245495218949
110102,Captain America: The Winter Soldier ,15925638948_10151864775343949
110102,Captain America: The Winter Soldier ,15925638948_10151898978513949
110102,Captain America: The Winter Soldier ,15925638948_10152066698853949
110102,Captain America: The Winter Soldier ,15925638948_10152435023368949
110102,Captain America: The Winter Soldier ,15925638948_10152438261198949
110102,Captain America: The Winter Soldier ,15925638948_10152440263258949
110102,Captain America: The Winter Soldier ,15925638948_10152454629183949
110102,Captain America: The Winter Soldier ,15925638948_10152490202928949
110102,Captain America: The Winter Soldier ,15925638948_10153084094358949
110102,Captain America: The Winter Soldier ,15925638948_10153350467253949
110102,Captain America: The Winter Soldier ,15925638948_209395962531860
110102,Captain America: The Winter Soldier ,15925638948_348802281896939
110102,Captain America: The Winter Soldier ,15925638948_632384633454952
111781,Mission: Impossible - Rogue Nation ,15925638948_10153310165533949
111781,Mission: Impossible - Rogue Nation ,15925638948_10153312536978949
111781,Mission: Impossible - Rogue Nation ,15925638948_10153386684718949
111781,Mission: Impossible - Rogue Nation ,15925638948_10153640087463949
121194,Tyler Perry's The Single Moms Club ,15925638948_764765322328
136864,Batman v Superman: Dawn of Justice ,15925638948_10152540211158949
136864,Batman v Superman: Dawn of Justice ,15925638948_10152696288113949
136864,Batman v Superman: Dawn of Justice ,15925638948_10152910967023949
136864,Batman v Superman: Dawn of Justice ,15925638948_10153377141853949
136864,Batman v Superman: Dawn of Justice ,15925638948_10154181844728949
111743,A Million Ways to Die in the West ,15925638948_10152297859288949
111743,A Million Ways to Die in the West ,15925638948_10152509499028949
111743,A Million Ways to Die in the West ,15925638948_10152562349743949
111743,A Million Ways to Die in the West ,15925638948_10152565165003949
111743,A Million Ways to Die in the West ,15925638948_10153121027913949
149830,Pride and Prejudice and Zombies ,15925638948_10152827616543949
149830,Pride and Prejudice and Zombies ,15925638948_10153900293993949
108715,Better Living Through Chemistry ,15925638948_10152286704863949
112370,Transformers: Age of Extinction ,15925638948_10152529928638949
112370,Transformers: Age of Extinction ,15925638948_10152631358638949
112370,Transformers: Age of Extinction ,15925638948_10152634343123949
112370,Transformers: Age of Extinction ,15925638948_10152646864138949
112370,Transformers: Age of Extinction ,15925638948_10152649122563949
112370,Transformers: Age of Extinction ,15925638948_10152651363313949
158813,Alice Through the Looking Glass ,15925638948_10154201918033949
112623,Dawn of the Planet of the Apes ,15925638948_10152189455283949
112623,Dawn of the Planet of the Apes ,15925638948_10152205002898949
112623,Dawn of the Planet of the Apes ,15925638948_10152435023368949
112623,Dawn of the Planet of the Apes ,15925638948_10152450817073949
112623,Dawn of the Planet of the Apes ,15925638948_10152511133653949
112623,Dawn of the Planet of the Apes ,15925638948_10152610835168949
112623,Dawn of the Planet of the Apes ,15925638948_10152623549753949
112623,Dawn of the Planet of the Apes ,15925638948_10152664275643949
112623,Dawn of the Planet of the Apes ,15925638948_10152666700193949
112623,Dawn of the Planet of the Apes ,15925638948_10152683044003949
112623,Dawn of the Planet of the Apes ,15925638948_425146577568627
112623,Dawn of the Planet of the Apes ,15925638948_753249819488
113348,Teenage Mutant Ninja Turtles ,15925638948_10152444345738949
113348,Teenage Mutant Ninja Turtles ,15925638948_10152495637248949
113348,Teenage Mutant Ninja Turtles ,15925638948_10152621931043949
113348,Teenage Mutant Ninja Turtles ,15925638948_10152709180843949
113348,Teenage Mutant Ninja Turtles ,15925638948_10152731580423949
113348,Teenage Mutant Ninja Turtles ,15925638948_10152734150493949
113348,Teenage Mutant Ninja Turtles ,15925638948_10153332214718949
113348,Teenage Mutant Ninja Turtles ,15925638948_424527140913926
113348,Teenage Mutant Ninja Turtles ,15925638948_558960214136876
113348,Teenage Mutant Ninja Turtles ,15925638948_617179254964909
135567,Independence Day: Resurgence ,15925638948_10153932408333949
135567,Independence Day: Resurgence ,15925638948_10154437710373949
135567,Independence Day: Resurgence ,15925638948_10154445239213949
119145,Kingsman: The Secret Service ,15925638948_10152540790138949
119145,Kingsman: The Secret Service ,15925638948_10153000321323949
119145,Kingsman: The Secret Service ,15925638948_10153870677273949
146604,Naomi and Ely's No Kiss List ,15925638948_10153689310463949
156609,Neighbors 2: Sorority Rising ,15925638948_10154013154803949
127196,The Diary of a Teenage Girl ,15925638948_10153489046608949
164367,The Girl with All the Gifts ,15925638948_10154451078563949
112175,How to Train Your Dragon 2 ,15925638948_10152457150498949
112175,How to Train Your Dragon 2 ,15925638948_10152475884983949
112175,How to Train Your Dragon 2 ,15925638948_10152595879083949
112175,How to Train Your Dragon 2 ,15925638948_10152598501588949
112175,How to Train Your Dragon 2 ,15925638948_10153144315588949
111362,X-Men: Days of Future Past ,15925638948_10151858971183949
111362,X-Men: Days of Future Past ,15925638948_10152078229138949
111362,X-Men: Days of Future Past ,15925638948_10152209351458949
111362,X-Men: Days of Future Past ,15925638948_10152250422688949
111362,X-Men: Days of Future Past ,15925638948_10152362349618949
111362,X-Men: Days of Future Past ,15925638948_10152461302333949
111362,X-Men: Days of Future Past ,15925638948_10152546471488949
111362,X-Men: Days of Future Past ,15925638948_10152548825638949
111362,X-Men: Days of Future Past ,15925638948_10152638298188949
111362,X-Men: Days of Future Past ,15925638948_168974343249111
111362,X-Men: Days of Future Past ,15925638948_305108579615967
132961,Far from the Madding Crowd ,15925638948_10153319468318949
127140,Sleeping with Other People ,15925638948_10153173970963949
127140,Sleeping with Other People ,15925638948_10153174819943949
122920,Captain America: Civil War ,15925638948_10152974415748949
122920,Captain America: Civil War ,15925638948_10153700449113949
122920,Captain America: Civil War ,15925638948_10153898611908949
122920,Captain America: Civil War ,15925638948_10153900573323949
122920,Captain America: Civil War ,15925638948_10153984179348949
122920,Captain America: Civil War ,15925638948_10154003206128949
122920,Captain America: Civil War ,15925638948_10154111504228949
122920,Captain America: Civil War ,15925638948_10154120219133949
122920,Captain America: Civil War ,15925638948_10154123189018949
122920,Captain America: Civil War ,15925638948_10154128164153949
122920,Captain America: Civil War ,15925638948_10154227780448949
122920,Captain America: Civil War ,15925638948_10154258370423949
122920,Captain America: Civil War ,15925638948_10154286181938949
122920,Captain America: Civil War ,15925638948_10154287491568949
122920,Captain America: Civil War ,15925638948_10154295319703949
122920,Captain America: Civil War ,15925638948_10154348495613949
151735,The Other Side of the Door ,15925638948_10153902038508949
117895,Maze Runner: Scorch Trials ,15925638948_10153448156238949
108188,Jack Ryan: Shadow Recruit ,15925638948_10152044436643949
108188,Jack Ryan: Shadow Recruit ,15925638948_10152271560408949
114601,This Is Where I Leave You ,15925638948_10152555799798949
129853,To Write Love on Her Arms ,15925638948_10153076516653949
127124,I'll See You in My Dreams ,15925638948_10153352944438949
110553,The Amazing Spider-Man 2 ,15925638948_10151874468708949
110553,The Amazing Spider-Man 2 ,15925638948_10152175277278949
110553,The Amazing Spider-Man 2 ,15925638948_10152250214683949
110553,The Amazing Spider-Man 2 ,15925638948_10152495637248949
110553,The Amazing Spider-Man 2 ,15925638948_10152500188298949
110553,The Amazing Spider-Man 2 ,15925638948_10152502633658949
110553,The Amazing Spider-Man 2 ,15925638948_10152515884228949
110553,The Amazing Spider-Man 2 ,15925638948_115500478608902
110553,The Amazing Spider-Man 2 ,15925638948_378352848939245
110553,The Amazing Spider-Man 2 ,15925638948_544923148861593
162592,The Light Between Oceans ,15925638948_10154626530153949
117176,The Theory of Everything ,15925638948_10152727063163949
117176,The Theory of Everything ,15925638948_10152853902628949
117176,The Theory of Everything ,15925638948_10152898833313949
117176,The Theory of Everything ,15925638948_10153144275538949
117176,The Theory of Everything ,15925638948_10153144496158949
154051,The Last Man on the Moon ,15925638948_10153278683898949
160565,The Purge: Election Year ,15925638948_10154061751133949
162578,Kubo and the Two Strings ,15925638948_10154281096383949
161354,Batman: The Killing Joke ,15925638948_10154276235783949
138036,The Man from U.N.C.L.E. ,15925638948_10154610452968949
112852,Guardians of the Galaxy ,15925638948_10151864775343949
112852,Guardians of the Galaxy ,15925638948_10152233761563949
112852,Guardians of the Galaxy ,15925638948_10152538715033949
112852,Guardians of the Galaxy ,15925638948_10152560397823949
112852,Guardians of the Galaxy ,15925638948_10152707030678949
112852,Guardians of the Galaxy ,15925638948_10152714953233949
112852,Guardians of the Galaxy ,15925638948_10152717315658949
112852,Guardians of the Galaxy ,15925638948_10152768618838949
112852,Guardians of the Galaxy ,15925638948_10152783853088949
112852,Guardians of the Galaxy ,15925638948_10152801858393949
112852,Guardians of the Galaxy ,15925638948_10152803735208949
112852,Guardians of the Galaxy ,15925638948_10152820299598949
112852,Guardians of the Galaxy ,15925638948_463978403646407
112852,Guardians of the Galaxy ,15925638948_537751306277169
122892,Avengers: Age of Ultron ,15925638948_10152692456598949
122892,Avengers: Age of Ultron ,15925638948_10152937959848949
122892,Avengers: Age of Ultron ,15925638948_10152970862498949
122892,Avengers: Age of Ultron ,15925638948_10153087217043949
122892,Avengers: Age of Ultron ,15925638948_10153146650163949
122892,Avengers: Age of Ultron ,15925638948_10153185203928949
122892,Avengers: Age of Ultron ,15925638948_10153243962078949
122892,Avengers: Age of Ultron ,15925638948_10153250882058949
122892,Avengers: Age of Ultron ,15925638948_10153257996613949
122892,Avengers: Age of Ultron ,15925638948_10153259816018949
122892,Avengers: Age of Ultron ,15925638948_10153261936143949
122892,Avengers: Age of Ultron ,15925638948_10153293710158949
122892,Avengers: Age of Ultron ,15925638948_10153301977593949
122892,Avengers: Age of Ultron ,15925638948_10153329600648949
122892,Avengers: Age of Ultron ,15925638948_10153369124373949
158540,Papa: Hemingway in Cuba ,15925638948_10154167544023949
127122,Last Days in the Desert ,15925638948_10153174882063949
127122,Last Days in the Desert ,15925638948_10153888969333949
148238,A Very Murray Christmas ,15925638948_10153462002093949
148238,A Very Murray Christmas ,15925638948_10153884395158949
109673,300: Rise of an Empire ,15925638948_10151842862843949
109673,300: Rise of an Empire ,15925638948_10151909312443949
109673,300: Rise of an Empire ,15925638948_10152277497638949
109673,300: Rise of an Empire ,15925638948_763684468368
109673,300: Rise of an Empire ,15925638948_763827661408
140715,Straight Outta Compton ,15925638948_10153208986448949
140715,Straight Outta Compton ,15925638948_10153337178883949
116887,Exodus: Gods and Kings ,15925638948_10152656124453949
116887,Exodus: Gods and Kings ,15925638948_10152660724298949
116887,Exodus: Gods and Kings ,15925638948_10153039323113949
116887,Exodus: Gods and Kings ,15925638948_10153041652188949
117851,Penguins of Madagascar ,15925638948_10152691867483949
117851,Penguins of Madagascar ,15925638948_10153006943323949
117851,Penguins of Madagascar ,15925638948_10153009387573949
111921,The Fault in Our Stars ,15925638948_10152492215678949
111921,The Fault in Our Stars ,15925638948_10152579512423949
111921,The Fault in Our Stars ,15925638948_10152581953313949
111921,The Fault in Our Stars ,15925638948_10153301591938949
111921,The Fault in Our Stars ,15925638948_155906581236069
128975,Hot Tub Time Machine 2 ,15925638948_10153181469373949
128975,Hot Tub Time Machine 2 ,15925638948_10153228456818949
128975,Hot Tub Time Machine 2 ,15925638948_10153236958378949
113225,Magic in the Moonlight ,15925638948_10152554107813949
113225,Magic in the Moonlight ,15925638948_10152641622333949
132157,Paul Blart: Mall Cop 2 ,15925638948_10153369778568949
142975,Navy Seals vs. Zombies ,15925638948_10153788585343949
152083,Whiskey Tango Foxtrot ,15925638948_10153940598843949
114007,Before I Go to Sleep ,15925638948_10152644787248949
112303,Think Like a Man Too ,15925638948_10152612827388949
112303,Think Like a Man Too ,15925638948_10152615793168949
125916,Fifty Shades of Grey ,15925638948_10151786575483949
125916,Fifty Shades of Grey ,15925638948_10152037521273949
125916,Fifty Shades of Grey ,15925638948_10152063365218949
125916,Fifty Shades of Grey ,15925638948_10152606340573949
125916,Fifty Shades of Grey ,15925638948_10152973864858949
125916,Fifty Shades of Grey ,15925638948_10153215167193949
125916,Fifty Shades of Grey ,15925638948_10153220396748949
125916,Fifty Shades of Grey ,15925638948_10153223082388949
125916,Fifty Shades of Grey ,15925638948_10153236958378949
125916,Fifty Shades of Grey ,15925638948_10153239410603949
125916,Fifty Shades of Grey ,15925638948_10153277026708949
142997,Hotel Transylvania 2 ,15925638948_10153282082858949
142997,Hotel Transylvania 2 ,15925638948_10153656762028949
156371,Everybody Wants Some ,15925638948_10153961016553949
127134,A Walk in the Woods ,15925638948_10153172700953949
127134,A Walk in the Woods ,15925638948_10153494031298949
152077,10 Cloverfield Lane ,15925638948_10154134614933949
109483,That Awkward Moment ,15925638948_756723338528
109483,That Awkward Moment ,15925638948_756947983338
157276,Our Kind of Traitor ,15925638948_10154323351708949
110297,Muppets Most Wanted ,15925638948_10151894170233949
110297,Muppets Most Wanted ,15925638948_10152141940578949
110297,Muppets Most Wanted ,15925638948_766131724048
129737,Unfinished Business ,15925638948_10153209675963949
129737,Unfinished Business ,15925638948_10153260436563949
129737,Unfinished Business ,15925638948_10153269509728949
128832,The Last Five Years ,15925638948_10153046174178949
118898,A Most Violent Year ,15925638948_10152950543213949
118898,A Most Violent Year ,15925638948_10152957800448949
118898,A Most Violent Year ,15925638948_10152965901543949
118898,A Most Violent Year ,15925638948_10153180611838949
118898,A Most Violent Year ,15925638948_10153237313603949
127138,Ten Thousand Saints ,15925638948_10153171646653949
127114,The End of the Tour ,15925638948_10153626672923949
139779,The Phoenix Project ,15925638948_10153046330768949
118354,Kill the Messenger ,15925638948_10152560737138949
118354,Kill the Messenger ,15925638948_325522417547463
120799,Terminator Genisys ,15925638948_10153016878708949
120799,Terminator Genisys ,15925638948_10153183208318949
120799,Terminator Genisys ,15925638948_10153366200593949
120799,Terminator Genisys ,15925638948_10153871052458949
122882,Mad Max: Fury Road ,15925638948_10152690646713949
122882,Mad Max: Fury Road ,15925638948_10152698794963949
122882,Mad Max: Fury Road ,15925638948_10153033475113949
122882,Mad Max: Fury Road ,15925638948_10153331678178949
122882,Mad Max: Fury Road ,15925638948_10153407450263949
122882,Mad Max: Fury Road ,15925638948_10153430247528949
122882,Mad Max: Fury Road ,15925638948_10153435766353949
122882,Mad Max: Fury Road ,15925638948_10153469225948949
122882,Mad Max: Fury Road ,15925638948_10153752776718949
122882,Mad Max: Fury Road ,15925638948_10153909542103949
122882,Mad Max: Fury Road ,15925638948_10154000059693949
111795,Million Dollar Arm ,15925638948_10152217742513949
111795,Million Dollar Arm ,15925638948_10152456554963949
116797,The Imitation Game ,15925638948_10152685672693949
116977,Dumb and Dumber To ,15925638948_10152282414248949
116977,Dumb and Dumber To ,15925638948_10152593929573949
116977,Dumb and Dumber To ,15925638948_10152976053483949
116977,Dumb and Dumber To ,15925638948_10152978430153949
135462,All the Wilderness ,15925638948_10153161661648949
129707,The Lazarus Effect ,15925638948_10153134523693949
142963,7 Chinese Brothers ,15925638948_10153304599453949
158254,Kindergarten Cop 2 ,15925638948_10154074111563949
151313,Norm of the North ,15925638948_10153902234358949
113345,Jupiter Ascending ,15925638948_10152187304973949
113345,Jupiter Ascending ,15925638948_10152418414768949
113345,Jupiter Ascending ,15925638948_10153185999958949
113345,Jupiter Ascending ,15925638948_10153206327828949
130452,While We're Young ,15925638948_10153019263728949
136016,The Good Dinosaur ,15925638948_10153504235408949
136016,The Good Dinosaur ,15925638948_10153623169393949
136016,The Good Dinosaur ,15925638948_10153914549743949
117590,Horrible Bosses 2 ,15925638948_10152436828793949
117590,Horrible Bosses 2 ,15925638948_10152641710293949
117590,Horrible Bosses 2 ,15925638948_10153006943323949
117590,Horrible Bosses 2 ,15925638948_10153009387573949
112897,The Expendables 3 ,15925638948_10152436657988949
112897,The Expendables 3 ,15925638948_10152488867973949
112897,The Expendables 3 ,15925638948_10152602760668949
112897,The Expendables 3 ,15925638948_10152744330513949
127128,Mississippi Grind ,15925638948_10153172260648949
122924,X-Men: Apocalypse ,15925638948_10152184626308949
122924,X-Men: Apocalypse ,15925638948_10153156723228949
122924,X-Men: Apocalypse ,15925638948_10153188276773949
122924,X-Men: Apocalypse ,15925638948_10153312911573949
122924,X-Men: Apocalypse ,15925638948_10153404128853949
122924,X-Men: Apocalypse ,15925638948_10153604032058949
122924,X-Men: Apocalypse ,15925638948_10153626729143949
122924,X-Men: Apocalypse ,15925638948_10153927947518949
122924,X-Men: Apocalypse ,15925638948_10154056925528949
122924,X-Men: Apocalypse ,15925638948_10154123453478949
122924,X-Men: Apocalypse ,15925638948_10154220879868949
122924,X-Men: Apocalypse ,15925638948_10154270907828949
128360,The Hateful Eight ,15925638948_10153927165128949
128360,The Hateful Eight ,15925638948_754850012688
158966,Captain Fantastic ,15925638948_10154469324873949
111759,Edge of Tomorrow ,15925638948_10152189841828949
111759,Edge of Tomorrow ,15925638948_10152579512423949
109372,About Last Night ,15925638948_759625757058
151777,The Finest Hours ,15925638948_10154036419403949
116985,The Longest Week ,15925638948_10152774221838949
115664,The Book of Life ,15925638948_10152560747843949
115664,The Book of Life ,15925638948_10152913229938949
130576,Midnight Special ,15925638948_10154116121923949
133195,Hitman: Agent 47 ,15925638948_10153215942703949
133195,Hitman: Agent 47 ,15925638948_10153700903798949
132424,The Longest Ride ,15925638948_10153215743938949
134158,Return to Sender ,15925638948_10153429935673949
159093,Now You See Me 2 ,15925638948_10153890658848949
159484,Life on the Line ,15925638948_10154845735208949
137900,Accidental Love ,15925638948_10153131645748949
155810,I Saw the Light ,15925638948_10153913799888949
110809,Vampire Academy ,15925638948_10151911543433949
115220,Grace of Monaco ,15925638948_10151979723143949
115220,Grace of Monaco ,15925638948_10153351374623949
114662,American Sniper ,15925638948_10151678253308949
114662,American Sniper ,15925638948_10153156345673949
114662,American Sniper ,15925638948_10153158574788949
114662,American Sniper ,15925638948_10153189657573949
114662,American Sniper ,15925638948_10153240455003949
114662,American Sniper ,15925638948_10153334199233949
149406,Kung Fu Panda 3 ,15925638948_10154040224478949
149406,Kung Fu Panda 3 ,15925638948_10154055576498949
133419,Pitch Perfect 2 ,15925638948_10152494178283949
133419,Pitch Perfect 2 ,15925638948_10152987389988949
133419,Pitch Perfect 2 ,15925638948_10153211166073949
133419,Pitch Perfect 2 ,15925638948_10153430247528949
112946,Wish I Was Here ,15925638948_10152448788313949
112946,Wish I Was Here ,15925638948_10152538882113949
114760,Happy Christmas ,15925638948_10152626583858949
137857,The Jungle Book ,15925638948_10152671983468949
137857,The Jungle Book ,15925638948_10152713432808949
137857,The Jungle Book ,15925638948_10153697938078949
159858,The Conjuring 2 ,15925638948_10151852705788949
159858,The Conjuring 2 ,15925638948_10153989835173949
159858,The Conjuring 2 ,15925638948_10154390640028949
144716,Rock the Kasbah ,15925638948_10151949911853949
162730,The Whole Truth ,15925638948_10154756083463949
108932,The Lego Movie ,15925638948_10151785176928949
108932,The Lego Movie ,15925638948_758505152758
108932,The Lego Movie ,15925638948_759625757058
108932,The Lego Movie ,15925638948_760996031018
108932,The Lego Movie ,15925638948_761204667908
122902,Fantastic Four ,15925638948_10153315247588949
122902,Fantastic Four ,15925638948_10153381795718949
122902,Fantastic Four ,15925638948_10153412525413949
122902,Fantastic Four ,15925638948_611954062155321
115147,The Best of Me ,15925638948_10152913031373949
155064,The Neon Demon ,15925638948_10154309836973949
128604,Knight of Cups ,15925638948_10153044921503949
128604,Knight of Cups ,15925638948_10154109195623949
114033,Into the Storm ,15925638948_10152631779138949
150258,Jane Got a Gun ,15925638948_10153920626053949
150258,Jane Got a Gun ,15925638948_397467123684053
109569,3 Days to Kill ,15925638948_760996031018
109569,3 Days to Kill ,15925638948_761204667908
118997,Into the Woods ,15925638948_10151666572598949
118997,Into the Woods ,15925638948_10152004467393949
118997,Into the Woods ,15925638948_10152712667193949
118997,Into the Woods ,15925638948_10153081227228949
118997,Into the Woods ,15925638948_10153138924758949
137595,Magic Mike XXL ,15925638948_10152831342353949
137595,Magic Mike XXL ,15925638948_10153195734173949
137595,Magic Mike XXL ,15925638948_10153369063643949
137595,Magic Mike XXL ,15925638948_10153421594888949
112138,22 Jump Street ,15925638948_10152206585943949
112138,22 Jump Street ,15925638948_10152595879083949
112138,22 Jump Street ,15925638948_10152598501588949
112138,22 Jump Street ,15925638948_10152615793168949
109850,Need for Speed ,15925638948_10152133947813949
109850,Need for Speed ,15925638948_10152391747478949
109850,Need for Speed ,15925638948_10153352771723949
109850,Need for Speed ,15925638948_764765322328
109850,Need for Speed ,15925638948_764945865518
114935,Predestination ,15925638948_10153093640263949
143657,The Invitation ,15925638948_10154209063488949
110603,God's Not Dead ,15925638948_765961330518
130988,A Little Chaos ,15925638948_10153058766033949
117861,Black or White ,15925638948_10153016980723949
117861,Black or White ,15925638948_10153149119863949
129749,The Connection ,15925638948_10153334231843949
117194,Dolphin Tale 2 ,15925638948_10152817558403949
140711,American Ultra ,15925638948_10153700903798949
160848,The Red Turtle ,15925638948_10154690434228949
139415,Irrational Man ,15925638948_10153472192098949
162596,Queen of Katwe ,15925638948_10154306142928949
157432,Precious Cargo ,15925638948_10154090059013949
163048,The Last Heist ,15925638948_10154358417268949
135536,Suicide Squad ,15925638948_10152960139213949
135536,Suicide Squad ,15925638948_10152970574618949
135536,Suicide Squad ,15925638948_10154011847643949
132496,Danny Collins ,15925638948_10152970070833949
116799,Inherent Vice ,15925638948_10152965901543949
116799,Inherent Vice ,15925638948_10152981285338949
116799,Inherent Vice ,15925638948_10153021744478949
116799,Inherent Vice ,15925638948_197818263696588
155181,Elvis & Nixon ,15925638948_10153199860983949
129659,McFarland USA ,15925638948_10152954010358949
113071,Earth to Echo ,15925638948_10152557938258949
113071,Earth to Echo ,15925638948_10152572453018949
129937,Run All Night ,15925638948_10153139864998949
110730,Transcendence ,15925638948_10152241595478949
110730,Transcendence ,15925638948_10152467871768949
110730,Transcendence ,15925638948_10152470171698949
110730,Transcendence ,15925638948_377126172367554
122942,The Identical ,15925638948_10152801858393949
110322,Dom Hemingway ,15925638948_10151999447163949
152063,Gods of Egypt ,15925638948_10154102145688949
131796,Woman in Gold ,15925638948_10153345160208949
152017,Me Before You ,15925638948_10154047533858949
119141,The Interview ,15925638948_10152591902718949
160573,Pete's Dragon ,15925638948_10154083539878949
141912,Dirty Weekend ,15925638948_10153370325178949
146904,Entertainment ,15925638948_10153176552558949
132122,Hungry Hearts ,15925638948_10152966427158949
145978,Batkid Begins ,15925638948_10153459501158949
161634,Don't Breathe ,15925638948_10154626530153949
161634,Don't Breathe ,15925638948_10154636804763949
160080,Ghostbusters ,15925638948_10152715161213949
139385,The Revenant ,15925638948_10153885756823949
139385,The Revenant ,15925638948_10153942555683949
139385,The Revenant ,15925638948_10153948712673949
139385,The Revenant ,15925638948_10153949566748949
139385,The Revenant ,15925638948_10153957815598949
139385,The Revenant ,15925638948_10153958214173949
139385,The Revenant ,15925638948_10153976563948949
139385,The Revenant ,15925638948_10154000059693949
164655,Gimme Danger ,15925638948_10154753340593949
132046,Tomorrowland ,15925638948_10153183336648949
114182,No Good Deed ,15925638948_10152594386643949
114182,No Good Deed ,15925638948_10152817558403949
114182,No Good Deed ,15925638948_10152819830408949
132590,Happy Valley ,15925638948_553725647972928
157296,Finding Dory ,15925638948_10153353269148949
133710,Strangerland ,15925638948_10153172124708949
134859,The Wolfpack ,15925638948_10153439450078949
128838,Crimson Peak ,15925638948_10151955473638949
128838,Crimson Peak ,15925638948_10153220645873949
128838,Crimson Peak ,15925638948_10153434670388949
128838,Crimson Peak ,15925638948_157084371125662
128838,Crimson Peak ,15925638948_288776157921959
136666,Search Party ,15925638948_10154275805068949
151315,Ride Along 2 ,15925638948_10154011089018949
115569,Nightcrawler ,15925638948_10152772123313949
115569,Nightcrawler ,15925638948_10152802328198949
115569,Nightcrawler ,15925638948_10152945691793949
115569,Nightcrawler ,15925638948_10152948103603949
115569,Nightcrawler ,15925638948_10153128953703949
140856,Inner Demons ,15925638948_10152799249213949
127118,I Am Michael ,15925638948_10153175682768949
130075,Frozen Fever ,15925638948_10153246264813949
158528,The Shallows ,15925638948_10154299907598949
151559,Frankenstein ,15925638948_10151966857913949
160438,Jason Bourne ,15925638948_10154519984263949
130448,Poltergeist ,15925638948_10151860225703949
130448,Poltergeist ,15925638948_10153337152618949
119655,Seventh Son ,15925638948_10151834787928949
119655,Seventh Son ,15925638948_10153206327828949
148888,Zoolander 2 ,15925638948_10153276578948949
112316,Jersey Boys ,15925638948_10152612827388949
112316,Jersey Boys ,15925638948_403229589739881
124859,The Gambler ,15925638948_10152880374538949
124859,The Gambler ,15925638948_10152955042773949
124859,The Gambler ,15925638948_10153075935928949
132796,San Andreas ,15925638948_10153276758193949
132796,San Andreas ,15925638948_10153418007378949
112582,Life Itself ,15925638948_10152542470873949
112582,Life Itself ,15925638948_10152639453553949
162478,Masterminds ,15925638948_10153334034053949
115414,Left Behind ,15925638948_10152725241543949
115414,Left Behind ,15925638948_158478290960802
135569,Star Trek 3 ,15925638948_10152524088218949
135569,Star Trek 3 ,15925638948_10153317381123949
108243,Devil's Due ,15925638948_754337130508
130642,Backcountry ,15925638948_10153229948968949
133798,Hot Pursuit ,15925638948_10153218924688949
117178,Amira & Sam ,15925638948_10153164913273949
146423,The Falling ,15925638948_10152902678288949
117881,Still Alice ,15925638948_10152995857523949
117881,Still Alice ,15925638948_10153136025433949
117881,Still Alice ,15925638948_10153144490908949
134785,London Road ,15925638948_10154617914608949
142074,Knock Knock ,15925638948_10153172567028949
142074,Knock Knock ,15925638948_10153709331353949
128512,Paper Towns ,15925638948_10153312669153949
134130,The Martian ,15925638948_10153512088243949
134130,The Martian ,15925638948_10153516994253949
134130,The Martian ,15925638948_10154000059693949
142492,Son of Saul ,15925638948_10153947046018949
116161,Foxcatcher ,15925638948_10152546725898949
116161,Foxcatcher ,15925638948_10152636856363949
117887,Paddington ,15925638948_10153033329028949
142222,Demolition ,15925638948_10154125870198949
136018,Black Mass ,15925638948_10153389301858949
136018,Black Mass ,15925638948_10153392440273949
108156,Ride Along ,15925638948_10151815439138949
108156,Ride Along ,15925638948_754157854778
108156,Ride Along ,15925638948_754337130508
108156,Ride Along ,15925638948_755622599418
108156,Ride Along ,15925638948_756723338528
108156,Ride Along ,15925638948_756947983338
118082,The Voices ,15925638948_10153141434928949
111659,Maleficent ,15925638948_10151898978513949
111659,Maleficent ,15925638948_10152562349743949
111659,Maleficent ,15925638948_10152565165003949
130073,Cinderella ,15925638948_10151673699433949
130073,Cinderella ,15925638948_10153100367428949
130073,Cinderella ,15925638948_10153212982828949
130073,Cinderella ,15925638948_10153255352448949
116817,Rudderless ,15925638948_10152729376238949
116817,Rudderless ,15925638948_10152746891853949
136562,Steve Jobs ,15925638948_10150958667893949
136562,Steve Jobs ,15925638948_10153445927853949
136562,Steve Jobs ,15925638948_10153885756823949
115617,Big Hero 6 ,15925638948_10152544967228949
115617,Big Hero 6 ,15925638948_10152961354573949
115617,Big Hero 6 ,15925638948_10152963442228949
115617,Big Hero 6 ,15925638948_10152978430153949
115617,Big Hero 6 ,15925638948_10153240495158949
127136,True Story ,15925638948_10153055109703949
127136,True Story ,15925638948_10153317108593949
140110,The Intern ,15925638948_10153436987463949
127565,Lost River ,15925638948_10153196059718949
109376,Cuban Fury ,15925638948_10152442414078949
140529,Sinister 2 ,15925638948_10153355798838949
140529,Sinister 2 ,15925638948_390382494363231
114184,Camp X-Ray ,15925638948_10152274087878949
116897,Wild Tales ,15925638948_10153202297628949
134393,Trainwreck ,15925638948_10153213447078949
134393,Trainwreck ,15925638948_10153291980873949
134393,Trainwreck ,15925638948_10153299701053949
134393,Trainwreck ,15925638948_10153987957818949
135288,Mr. Holmes ,15925638948_10153261664968949
109897,Son of God ,15925638948_762280352228
109897,Son of God ,15925638948_762442277728
121231,It Follows ,15925638948_10153055919963949
121231,It Follows ,15925638948_10153165179208949
121231,It Follows ,15925638948_10153176265108949
132798,Regression ,15925638948_10152587265153949
145839,Concussion ,15925638948_10153878361248949
136696,Absolution ,15925638948_10153407534163949
152228,Misconduct ,15925638948_10153956637203949
152228,Misconduct ,15925638948_10154032421543949
143239,By the Sea ,15925638948_10153852689288949
130636,Unfriended ,15925638948_10153148127328949
151675,Lazer Team ,15925638948_10154029222643949
161954,Anthropoid ,15925638948_10154397679053949
161954,Anthropoid ,15925638948_10154536433473949
161586,Little Men ,15925638948_10154536433473949
113604,If I Stay ,15925638948_10152765482318949
155812,Get a Job ,15925638948_10154042407958949
134783,Entourage ,15925638948_10153068147743949
134783,Entourage ,15925638948_10153316983423949
108190,Divergent ,15925638948_10151800035343949
108190,Divergent ,15925638948_10151933101678949
108190,Divergent ,15925638948_10151999938883949
108190,Divergent ,15925638948_10152207326373949
108190,Divergent ,15925638948_10152450300103949
108190,Divergent ,15925638948_397083043723057
108190,Divergent ,15925638948_435578639852689
108190,Divergent ,15925638948_765961330518
108190,Divergent ,15925638948_766131724048
111113,Neighbors ,15925638948_10152065357858949
111113,Neighbors ,15925638948_10152515884228949
111113,Neighbors ,15925638948_10152518404123949
110453,Draft Day ,15925638948_10152217846848949
128488,Wild Card ,15925638948_10153044683238949
112556,Gone Girl ,15925638948_10151953668453949
112556,Gone Girl ,15925638948_10152456845843949
112556,Gone Girl ,15925638948_10152460199643949
112556,Gone Girl ,15925638948_10152775172383949
112556,Gone Girl ,15925638948_10152866650248949
112556,Gone Girl ,15925638948_10152869991758949
112556,Gone Girl ,15925638948_10152913229938949
112556,Gone Girl ,15925638948_10153147946073949
112556,Gone Girl ,15925638948_451670774899937
113207,Get on Up ,15925638948_10152589527478949
116841,Rosewater ,15925638948_10152969868923949
116138,Leviathan ,15925638948_10153144366613949
130634,Furious 7 ,15925638948_10152932490538949
130634,Furious 7 ,15925638948_10153199247803949
130634,Furious 7 ,15925638948_10153336489118949
130634,Furious 7 ,15925638948_10153341940593949
130634,Furious 7 ,15925638948_10153345160208949
130634,Furious 7 ,15925638948_10153360511143949
112804,I Origins ,15925638948_10152284438378949
130490,Insurgent ,15925638948_10153037321153949
130490,Insurgent ,15925638948_10153037321163949
130490,Insurgent ,15925638948_10153185579213949
130490,Insurgent ,15925638948_10153293805173949
115149,John Wick ,15925638948_10152929536958949
125914,Mortdecai ,15925638948_10153138758258949
133802,Slow West ,15925638948_10153172696898949
133802,Slow West ,15925638948_10153188398048949
132112,Good Kill ,15925638948_10152808973448949
132112,Good Kill ,15925638948_10153132318873949
114713,Annabelle ,15925638948_10152866650248949
114713,Annabelle ,15925638948_10152869991758949
147913,Glassland ,15925638948_10153175995758949
159177,King Jack ,15925638948_10154326334218949
140267,The Witch ,15925638948_10154095619983949
141131,Guardians ,15925638948_10152714953233949
130956,Child 44 ,15925638948_10153179452103949
130956,Child 44 ,15925638948_10153314746428949
130956,Child 44 ,15925638948_509917452387981
118985,Big Eyes ,15925638948_10153144303158949
112911,Hercules ,15925638948_10152687596198949
112911,Hercules ,15925638948_10152696238123949
112911,Hercules ,15925638948_10152698259703949
122904,Deadpool ,15925638948_10153019599288949
122904,Deadpool ,15925638948_10153322013398949
114060,The Drop ,15925638948_10152433016248949
114060,The Drop ,15925638948_10152755899133949
114060,The Drop ,15925638948_10152800362598949
114060,The Drop ,15925638948_10152853902628949
131842,Cut Bank ,15925638948_10153229892368949
126548,The DUFF ,15925638948_10152983693908949
109072,Sabotage ,15925638948_10152209272008949
109072,Sabotage ,15925638948_10152348149923949
109072,Sabotage ,15925638948_767166041268
109072,Sabotage ,15925638948_767327303098
139642,Southpaw ,15925638948_10153322093468949
118702,Unbroken ,15925638948_10152662439638949
118702,Unbroken ,15925638948_10153055248583949
118702,Unbroken ,15925638948_10153067897683949
118702,Unbroken ,15925638948_10153070312538949
118702,Unbroken ,15925638948_10153081227228949
118702,Unbroken ,15925638948_10153128953703949
109578,Non-Stop ,15925638948_10152048888993949
109578,Non-Stop ,15925638948_762280352228
109578,Non-Stop ,15925638948_762442277728
130496,Big Game ,15925638948_10153264156728949
127108,Brooklyn ,15925638948_10153179781438949
127108,Brooklyn ,15925638948_10153972894128949
160581,The Duel ,15925638948_10154379620648949
131013,Get Hard ,15925638948_10153055650248949
131013,Get Hard ,15925638948_10153326667823949
112552,Whiplash ,15925638948_10152542434883949
112552,Whiplash ,15925638948_10152694231423949
112552,Whiplash ,15925638948_10152807208253949
112552,Whiplash ,15925638948_10152837511153949
112552,Whiplash ,15925638948_10153144207098949
112552,Whiplash ,15925638948_10153236993848949
112552,Whiplash ,15925638948_10153240333943949
112552,Whiplash ,15925638948_10153240451278949
120637,Blackhat ,15925638948_10152844741423949
118924,Top Five ,15925638948_10153037626723949
152081,Zootopia ,15925638948_10153843868448949
135530,Criminal ,15925638948_10154060980023949
133365,Partisan ,15925638948_10153750861753949
135852,Boychoir ,15925638948_10153317701128949
133945,Deep Web ,15925638948_10153228146093949
138208,The Walk ,15925638948_10152730039763949
138208,The Walk ,15925638948_10153032039918949
138208,The Walk ,15925638948_10153384597358949
112290,Boyhood ,15925638948_10152669282388949
112290,Boyhood ,15925638948_10153044512233949
112290,Boyhood ,15925638948_10153144323358949
112290,Boyhood ,15925638948_10153144439698949
112290,Boyhood ,15925638948_10153144515303949
112290,Boyhood ,15925638948_10153153094358949
112290,Boyhood ,15925638948_10153240460193949
108945,RoboCop ,15925638948_10151955372223949
108945,RoboCop ,15925638948_10152152009543949
108945,RoboCop ,15925638948_10152277510773949
108945,RoboCop ,15925638948_411516215576686
141761,Area 51 ,15925638948_10153393627498949
120466,Chappie ,15925638948_10152953446703949
120466,Chappie ,15925638948_10153139230263949
120466,Chappie ,15925638948_10153213493988949
120466,Chappie ,15925638948_10153269509728949
120466,Chappie ,15925638948_10153271717258949
110968,Pompeii ,15925638948_10151926769183949
110968,Pompeii ,15925638948_760996031018
110968,Pompeii ,15925638948_761204667908
114265,Laggies ,15925638948_10152674812793949
135887,Minions ,15925638948_10153181409988949
135887,Minions ,15925638948_10153195969873949
135887,Minions ,15925638948_10153437023978949
136020,Spectre ,15925638948_10153018871358949
136020,Spectre ,15925638948_10153214493228949
136020,Spectre ,15925638948_10153230313838949
136020,Spectre ,15925638948_10153296564363949
136020,Spectre ,15925638948_10153867766668949
129313,Reality ,15925638948_10153336220138949
130462,The Boy ,15925638948_10152475086053949
120635,Taken 3 ,15925638948_10153035589468949
165101,Inferno ,15925638948_10154296499813949
113062,Hellion ,15925638948_10152271552033949
113062,Hellion ,15925638948_10152281849818949
113062,Hellion ,15925638948_10152577137283949
113062,Hellion ,15925638948_10153179212333949
139644,Sicario ,15925638948_10153431287343949
141704,Phantom ,15925638948_286961518097388
158830,The BFG ,15925638948_10153923942758949
141950,6 Years ,15925638948_10153629580068949
140725,Cop Car ,15925638948_10153174148868949
140725,Cop Car ,15925638948_10153493140768949
140725,Cop Car ,15925638948_10153556807233949
127208,Results ,15925638948_10153174063643949
127208,Results ,15925638948_10153179337178949
127208,Results ,15925638948_10153281569933949
135534,Krampus ,15925638948_10153914549743949
135534,Krampus ,15925638948_10153919117383949
151639,The Boy ,15925638948_10152475086053949
151501,Exposed ,15925638948_10153934781133949
132549,Grandma ,15925638948_10153179489813949
132549,Grandma ,15925638948_10153596856908949
116781,Serena ,15925638948_10152902678288949
146688,Solace ,15925638948_10154940714363949
165141,Trolls ,15925638948_10154033756008949
126575,Everly ,15925638948_10153165051873949
145030,The 33 ,15925638948_10153640722243949
134021,5 to 7 ,15925638948_10153169354338949
134021,5 to 7 ,15925638948_10153232275233949
132660,Man Up ,15925638948_10153312715838949
141688,Legend ,15925638948_10153410029043949
160012,Andron ,15925638948_10154363164633949
150538,Diablo ,15925638948_10153938485713949
149552,Krisha ,15925638948_10154132202863949
162594,Morgan ,15925638948_10154626530153949
118700,Selma ,15925638948_10152959394218949
118700,Selma ,15925638948_10153079250718949
118700,Selma ,15925638948_10153128953703949
118700,Selma ,15925638948_10153144278688949
115534,Ouija ,15925638948_10152929536958949
115534,Ouija ,15925638948_10152932020568949
115534,Ouija ,15925638948_10152945691793949
115534,Ouija ,15925638948_10152948103603949
134528,Aloha ,15925638948_10153216244093949
114707,Horns ,15925638948_400395290023658
120132,Annie ,15925638948_10152558518548949
112497,Tammy ,15925638948_10152507748423949
112497,Tammy ,15925638948_10152646864138949
110655,Rio 2 ,15925638948_10151872091848949
110655,Rio 2 ,15925638948_10152021248918949
110655,Rio 2 ,15925638948_10152452368033949
110655,Rio 2 ,15925638948_10152454629183949
110655,Rio 2 ,15925638948_10152467871768949
110655,Rio 2 ,15925638948_665936653452301
127182,Aloft ,15925638948_10153176964068949
127182,Aloft ,15925638948_10153367064443949
120110,Jauja ,15925638948_10153211016098949
135861,Ted 2 ,15925638948_10152811298163949
135861,Ted 2 ,15925638948_10153182860188949
135861,Ted 2 ,15925638948_10153191277988949
146656,Creed ,15925638948_10154313993463949
160980,Sully ,15925638948_10154580772198949
160980,Sully ,15925638948_10154681623568949
138702,Feast ,15925638948_10153240488463949
110127,Noah ,15925638948_10152121683243949
110127,Noah ,15925638948_10152126483533949
110127,Noah ,15925638948_10152296836978949
110127,Noah ,15925638948_10152703440438949
110127,Noah ,15925638948_110232845790751
110127,Noah ,15925638948_294432500654165
110127,Noah ,15925638948_767166041268
110127,Noah ,15925638948_767327303098
111360,Lucy ,15925638948_10152434436348949
111360,Lucy ,15925638948_10152696238123949
111360,Lucy ,15925638948_10152698259703949
133869,MI-5 ,15925638948_10153856103963949
152071,Race ,15925638948_10153904263758949
160646,Goat ,15925638948_10154025671643949
160646,Goat ,15925638948_10154048855603949
140928,Joy ,15925638948_10153815720583949
140928,Joy ,15925638948_10153908260228949
140928,Joy ,15925638948_10154097799638949
136814,X/Y ,15925638948_10153263922908949
137337,Amy ,15925638948_10153336054323949
137337,Amy ,15925638948_10153594728903949
0,0,0
