141408,Scouts Guide to the Zombie Apocalypse ,100280026258_10153585485096259
116823,The Hunger Games: Mockingjay - Part 1 ,100280026258_10152785312831259
116823,The Hunger Games: Mockingjay - Part 1 ,100280026258_10152786744831259
116823,The Hunger Games: Mockingjay - Part 1 ,100280026258_10153091060351259
116823,The Hunger Games: Mockingjay - Part 1 ,100280026258_10153617089256259
135133,The Hunger Games: Mockingjay - Part 2 ,100280026258_10152785312831259
135133,The Hunger Games: Mockingjay - Part 2 ,100280026258_10152786744831259
135133,The Hunger Games: Mockingjay - Part 2 ,100280026258_10153091060351259
135133,The Hunger Games: Mockingjay - Part 2 ,100280026258_10153617089256259
110102,Captain America: The Winter Soldier ,100280026258_10151709132696259
110102,Captain America: The Winter Soldier ,100280026258_10152279935236259
110102,Captain America: The Winter Soldier ,100280026258_10152649755991259
111781,Mission: Impossible - Rogue Nation ,100280026258_10153395115131259
111781,Mission: Impossible - Rogue Nation ,100280026258_10153652611246259
159755,Popstar: Never Stop Never Stopping ,100280026258_10154052891091259
111743,A Million Ways to Die in the West ,100280026258_10152396498486259
158813,Alice Through the Looking Glass ,100280026258_10154037826806259
112623,Dawn of the Planet of the Apes ,100280026258_10152492906856259
112623,Dawn of the Planet of the Apes ,100280026258_10152492931086259
160710,Absolutely Fabulous: The Movie ,100280026258_10153974520476259
127202,Me and Earl and the Dying Girl ,100280026258_10153513813436259
160567,Mike & Dave Need Wedding Dates ,100280026258_10154134611136259
113348,Teenage Mutant Ninja Turtles ,100280026258_10154046722036259
135567,Independence Day: Resurgence ,100280026258_10154097774186259
119145,Kingsman: The Secret Service ,100280026258_10153219850051259
112175,How to Train Your Dragon 2 ,100280026258_10150101624451259
112175,How to Train Your Dragon 2 ,100280026258_10152424772746259
112175,How to Train Your Dragon 2 ,100280026258_10152426288876259
111362,X-Men: Days of Future Past ,100280026258_10152259004326259
111362,X-Men: Days of Future Past ,100280026258_10152303632871259
111362,X-Men: Days of Future Past ,100280026258_10152670629206259
132961,Far from the Madding Crowd ,100280026258_10152392230421259
122920,Captain America: Civil War ,100280026258_10153985210151259
122920,Captain America: Civil War ,100280026258_10153991230586259
122920,Captain America: Civil War ,100280026258_10153998580981259
122920,Captain America: Civil War ,100280026258_10154007130921259
151735,The Other Side of the Door ,100280026258_10153819991571259
108188,Jack Ryan: Shadow Recruit ,100280026258_10152115346746259
108188,Jack Ryan: Shadow Recruit ,100280026258_10152375801481259
127124,I'll See You in My Dreams ,100280026258_10153461298841259
110553,The Amazing Spider-Man 2 ,100280026258_10151681980336259
110553,The Amazing Spider-Man 2 ,100280026258_10152570259496259
110553,The Amazing Spider-Man 2 ,100280026258_10152578450326259
113275,The Hundred-Foot Journey ,100280026258_10152549153026259
138036,The Man from U.N.C.L.E. ,100280026258_10153604177386259
112852,Guardians of the Galaxy ,100280026258_10152341798638273
112852,Guardians of the Galaxy ,100280026258_10152537583431259
112852,Guardians of the Galaxy ,100280026258_10152546461481259
112852,Guardians of the Galaxy ,100280026258_10154885728251259
122892,Avengers: Age of Ultron ,100280026258_10153175964321259
140715,Straight Outta Compton ,100280026258_10153428478561259
116887,Exodus: Gods and Kings ,100280026258_10152674882001259
117851,Penguins of Madagascar ,100280026258_10152795507226259
111921,The Fault in Our Stars ,100280026258_10152595194666259
111921,The Fault in Our Stars ,100280026258_10153560097181259
135532,The Last Witch Hunter ,100280026258_10153570879711259
161922,The Edge of Seventeen ,100280026258_10154534334621259
157340,The Angry Birds Movie ,100280026258_10153736951531259
157340,The Angry Birds Movie ,100280026258_10154015195361259
112303,Think Like a Man Too ,100280026258_10152442546361259
125916,Fifty Shades of Grey ,100280026258_10154825782141259
152091,The Brothers Grimsby ,100280026258_10153836229941259
152077,10 Cloverfield Lane ,100280026258_10153832216946259
152077,10 Cloverfield Lane ,100280026258_10153836229941259
109483,That Awkward Moment ,100280026258_10152175020371181
109483,That Awkward Moment ,100280026258_10152359234926259
110297,Muppets Most Wanted ,100280026258_10152103120761259
110297,Muppets Most Wanted ,100280026258_10152253025751259
118898,A Most Violent Year ,100280026258_10152965483101259
141648,We Are Your Friends ,100280026258_10153463093826259
120799,Terminator Genisys ,100280026258_10153325509241259
122882,Mad Max: Fury Road ,100280026258_10153205494386259
122882,Mad Max: Fury Road ,100280026258_10153428471636259
114074,The Skeleton Twins ,100280026258_10152637774771259
114074,The Skeleton Twins ,100280026258_10152829149886259
112450,They Came Together ,100280026258_10152646563381259
112070,Maps to the Stars ,100280026258_10153059922611259
112897,The Expendables 3 ,100280026258_10152569926206259
117456,Beyond the Lights ,100280026258_10152774501221259
117456,Beyond the Lights ,100280026258_10152992228751259
128592,The Boy Next Door ,100280026258_10152951771596259
111759,Edge of Tomorrow ,100280026258_10152411672761259
111759,Edge of Tomorrow ,100280026258_10152649739756259
159093,Now You See Me 2 ,100280026258_10151633932771259
159093,Now You See Me 2 ,100280026258_10154048270501259
161127,The Infiltrator ,100280026258_10154152548766259
149406,Kung Fu Panda 3 ,100280026258_10153745120506259
133419,Pitch Perfect 2 ,100280026258_10151214634331259
133419,Pitch Perfect 2 ,100280026258_10152555938871259
112946,Wish I Was Here ,100280026258_10152505842466259
137857,The Jungle Book ,100280026258_10153952664671259
159858,The Conjuring 2 ,100280026258_10151898803121259
159858,The Conjuring 2 ,100280026258_10152688191786259
159858,The Conjuring 2 ,100280026258_10154058832006259
159858,The Conjuring 2 ,100280026258_10154068148276259
110826,Brick Mansions ,100280026258_10152323560661259
108932,The Lego Movie ,100280026258_10152172094406259
108932,The Lego Movie ,100280026258_10152375772906259
122902,Fantastic Four ,100280026258_10153152932536259
162606,The Accountant ,100280026258_10154413797776259
137595,Magic Mike XXL ,100280026258_10153524021411259
112138,22 Jump Street ,100280026258_10152426904721259
112138,22 Jump Street ,100280026258_10152461215236259
121370,Happy New Year ,100280026258_10151359029446259
140711,American Ultra ,100280026258_10153447382596259
159415,Swiss Army Man ,100280026258_10154100131851259
159415,Swiss Army Man ,100280026258_10154103165336259
162572,The Other Side ,100280026258_10153819991571259
135536,Suicide Squad ,100280026258_10154204753126259
158872,Sausage Party ,100280026258_10154169689701259
158872,Sausage Party ,100280026258_10154225573506259
116799,Inherent Vice ,100280026258_10152916932851259
129659,McFarland USA ,100280026258_10153016119731259
110730,Transcendence ,100280026258_10152472108981259
157200,Money Monster ,100280026258_10154007130921259
110322,Dom Hemingway ,100280026258_10152476192426259
109864,Veronica Mars ,100280026258_10152269243541181
109864,Veronica Mars ,100280026258_10152508532561259
119141,The Interview ,100280026258_10152860714266259
160573,Pete's Dragon ,100280026258_10154220374136259
146904,Entertainment ,100280026258_10151654969571259
158238,The Nice Guys ,100280026258_10154021918601259
161634,Don't Breathe ,100280026258_10154257244436259
161634,Don't Breathe ,100280026258_10154294750821259
160080,Ghostbusters ,100280026258_10152411472951259
160080,Ghostbusters ,100280026258_10152435013691259
160080,Ghostbusters ,100280026258_10152493005156259
160080,Ghostbusters ,100280026258_10154146848906259
139385,The Revenant ,100280026258_10153678300881259
139385,The Revenant ,100280026258_10153711643661259
159696,The Darkness ,100280026258_10152569414436259
159696,The Darkness ,100280026258_10152726440386259
159696,The Darkness ,100280026258_10152816517901259
159696,The Darkness ,100280026258_10154007130921259
132046,Tomorrowland ,100280026258_10153222019136259
107209,Outsider The ,100280026258_10152359229346259
157296,Finding Dory ,100280026258_10154111348641259
157296,Finding Dory ,100280026258_358062707631986
128838,Crimson Peak ,100280026258_10153555555631259
115569,Nightcrawler ,100280026258_10152745217791259
151559,Frankenstein ,100280026258_10151939755326259
151559,Frankenstein ,100280026258_10152739033411259
151559,Frankenstein ,100280026258_10153548389421259
130448,Poltergeist ,100280026258_10152745217161259
148888,Zoolander 2 ,100280026258_10154358593931259
160688,From A to B ,100280026258_10150102653136259
160688,From A to B ,100280026258_10152674882001259
160688,From A to B ,100280026258_10153371660456259
160688,From A to B ,100280026258_10154032467961259
160688,From A to B ,100280026258_10154365213631259
160688,From A to B ,100280026258_496705016258
112316,Jersey Boys ,100280026258_10152442559041259
132796,San Andreas ,100280026258_10153254940716259
156903,The Waiting ,100280026258_10150097571786259
135569,Star Trek 3 ,100280026258_10151607758906259
135569,Star Trek 3 ,100280026258_10151611538446259
135569,Star Trek 3 ,100280026258_10151612533276259
135569,Star Trek 3 ,100280026258_10151795507661259
135569,Star Trek 3 ,100280026258_10152375801481259
135569,Star Trek 3 ,100280026258_10152630006306259
135569,Star Trek 3 ,100280026258_10154162446306259
135569,Star Trek 3 ,100280026258_10154172107626259
135569,Star Trek 3 ,100280026258_10154179744236259
135569,Star Trek 3 ,100280026258_191856770354
108243,Devil's Due ,100280026258_10152117253816259
133798,Hot Pursuit ,100280026258_10153189403391259
141422,Suffragette ,100280026258_10152392230421259
150995,Retribution ,100280026258_233872190064507
127194,The D Train ,100280026258_10150101624451259
127194,The D Train ,100280026258_421760251258
128512,Paper Towns ,100280026258_10153325548371259
128512,Paper Towns ,100280026258_10153380372261259
128512,Paper Towns ,100280026258_10153560097181259
134130,The Martian ,100280026258_10153538648496259
152123,James White ,100280026258_10151681980336259
144620,Goosebumps ,100280026258_10153562893076259
114849,The Prince ,100280026258_10153959590316259
136018,Black Mass ,100280026258_10153513492301259
111659,Maleficent ,100280026258_10152396749656259
116817,Rudderless ,100280026258_10152716835116259
136562,Steve Jobs ,100280026258_10151790827736259
136562,Steve Jobs ,100280026258_10153550097446259
136562,Steve Jobs ,100280026258_10153574330926259
134853,Inside Out ,100280026258_10153291551441259
130468,The Circle ,100280026258_10153219850051259
127136,True Story ,100280026258_10150092337856259
140110,The Intern ,100280026258_10150089384776259
140110,The Intern ,100280026258_10151646829241259
140110,The Intern ,100280026258_10151647944056259
140110,The Intern ,100280026258_10153527085671259
140110,The Intern ,100280026258_10154173702511259
140529,Sinister 2 ,100280026258_10151234590816259
121231,It Follows ,100280026258_10153091047246259
150294,The Forest ,100280026258_10151788388711259
130636,Unfriended ,100280026258_10153447382121259
155812,Get a Job ,100280026258_10151779177306259
134783,Entourage ,100280026258_443575716258
108190,Divergent ,100280026258_10152253025751259
108190,Divergent ,100280026258_10152517585721259
108190,Divergent ,100280026258_10153026836241259
111113,Neighbors ,100280026258_10152353294496259
111113,Neighbors ,100280026258_10152649744711259
110453,Draft Day ,100280026258_10152593416351259
112556,Gone Girl ,100280026258_10152679468421259
112556,Gone Girl ,100280026258_10152945699706259
113207,Get on Up ,100280026258_10152005109266259
139084,Boulevard ,100280026258_10152770719326259
130634,Furious 7 ,100280026258_10151596696021259
130634,Furious 7 ,100280026258_10151616186576259
130634,Furious 7 ,100280026258_10151620148241259
130634,Furious 7 ,100280026258_10151622286566259
130634,Furious 7 ,100280026258_10153108449356259
130490,Insurgent ,100280026258_10153026836241259
115149,John Wick ,100280026258_10152728751006259
115149,John Wick ,100280026258_10152730354016259
115149,John Wick ,100280026258_10153009552681259
115149,John Wick ,100280026258_10154825787901259
114713,Annabelle ,100280026258_10152688191786259
140523,Visit The ,100280026258_10153494749381259
140267,The Witch ,100280026258_10153570879711259
140267,The Witch ,100280026258_10153792976836259
141131,Guardians ,100280026258_10152341798638273
141131,Guardians ,100280026258_10152537583431259
141131,Guardians ,100280026258_10152546461481259
141131,Guardians ,100280026258_10154885728251259
164933,Collector ,100280026258_135953836258
130956,Child 44 ,100280026258_10152570267901259
112911,Hercules ,100280026258_10152517683311259
122904,Deadpool ,100280026258_10153777584511259
122904,Deadpool ,100280026258_10153779411686259
136598,Vacation ,100280026258_10152813888266259
109072,Sabotage ,100280026258_10152267103841259
112788,Sex Tape ,100280026258_10152503631731259
109578,Non-Stop ,100280026258_10152390271781259
130496,Big Game ,100280026258_10152297979948273
127108,Brooklyn ,100280026258_10152469704041259
127108,Brooklyn ,100280026258_214166912033710
142110,Man Down ,100280026258_10151681980336259
131013,Get Hard ,100280026258_10154032467961259
131013,Get Hard ,100280026258_10154134611136259
118924,Top Five ,100280026258_10152833083366259
118924,Top Five ,100280026258_10153039952731259
152081,Zootopia ,100280026258_10153824628296259
152081,Zootopia ,100280026258_10153832216946259
134246,Survivor ,100280026258_10152093370046259
134246,Survivor ,100280026258_10152378555746259
132356,Survivor ,100280026258_10152093370046259
132356,Survivor ,100280026258_10152378555746259
152974,The Sand ,100280026258_10151685755896259
138208,The Walk ,100280026258_10153538648496259
154915,Remember ,100280026258_10152249108046259
152270,The Wait ,100280026258_10150097571786259
152270,The Wait ,100280026258_10151595608966259
141120,Brothers ,100280026258_10152382259671259
141120,Brothers ,100280026258_10152755387006259
141120,Brothers ,100280026258_10153836229941259
141120,Brothers ,100280026258_10154032467961259
141120,Brothers ,100280026258_382463318496012
141120,Brothers ,100280026258_409799771258
141120,Brothers ,100280026258_409802111258
161580,Bad Moms ,100280026258_10154134983496259
112290,Boyhood ,100280026258_10152492933251259
112290,Boyhood ,100280026258_10152533255206259
112290,Boyhood ,100280026258_10152827000876259
112290,Boyhood ,100280026258_10152932081201259
112290,Boyhood ,100280026258_10153024740396259
120466,Chappie ,100280026258_10153045729511259
159347,Beatles ,100280026258_10150099721006259
135887,Minions ,100280026258_10151680541721259
135887,Minions ,100280026258_10151694484076259
135887,Minions ,100280026258_10153337445011259
141902,Gabriel ,100280026258_10153039952731259
141902,Gabriel ,100280026258_10153371660456259
130462,The Boy ,100280026258_10150099721006259
130462,The Boy ,100280026258_10150103584226259
130462,The Boy ,100280026258_10152932081201259
130462,The Boy ,100280026258_10152951771596259
134823,Freedom ,100280026258_10152442539261259
131168,Phoenix ,100280026258_10152285066946259
131168,Phoenix ,100280026258_10152332249731259
165101,Inferno ,100280026258_10154454187611259
132335,Breathe ,100280026258_10154257244436259
132335,Breathe ,100280026258_10154294750821259
139644,Sicario ,100280026258_10153513492301259
139644,Sicario ,100280026258_10153538648496259
158830,The BFG ,100280026258_10154116288261259
140725,Cop Car ,100280026258_10153494748876259
151639,The Boy ,100280026258_10150099721006259
151639,The Boy ,100280026258_10150103584226259
151639,The Boy ,100280026258_10152932081201259
151639,The Boy ,100280026258_10152951771596259
156898,Darling ,100280026258_10152277716721259
156898,Darling ,100280026258_10152517663781259
156898,Darling ,100280026258_422102416258
156898,Darling ,100280026258_432024651258
151755,Orleans ,100280026258_10152795483741259
151755,Orleans ,100280026258_117210271624574
151755,Orleans ,100280026258_416388621258
141536,Veteran ,100280026258_496580891258
162316,Shelley ,100280026258_10152484658241259
161046,Charlie ,100280026258_10151826755636259
161046,Charlie ,100280026258_10151939755326259
161046,Charlie ,100280026258_10152365561616259
165141,Trolls ,100280026258_10154476626511259
160400,Genius ,100280026258_432024651258
160400,Genius ,100280026258_443572611258
133782,Maggie ,100280026258_10151681980336259
131448,Walter ,100280026258_10152075641706259
131448,Walter ,100280026258_10152301577041259
131448,Walter ,100280026258_10152782954561259
160515,Dead 7 ,100280026258_10151547072766259
160515,Dead 7 ,100280026258_10152285278971259
160515,Dead 7 ,100280026258_10152713059556259
160515,Dead 7 ,100280026258_10152726440386259
160515,Dead 7 ,100280026258_10153777584511259
160515,Dead 7 ,100280026258_10153779411686259
160515,Dead 7 ,100280026258_117847216258
162594,Morgan ,100280026258_10152323501696259
162594,Morgan ,100280026258_10154048270501259
164200,Storks ,100280026258_10154335242661259
118700,Selma ,100280026258_10152916932851259
118700,Selma ,100280026258_10153158073711259
115534,Ouija ,100280026258_10154433106841259
120132,Annie ,100280026258_10152394753266259
120132,Annie ,100280026258_10154134983496259
110655,Rio 2 ,100280026258_10151623955351259
110655,Rio 2 ,100280026258_10152473958051259
133645,Carol ,100280026258_10152824772286259
133645,Carol ,100280026258_10153461298841259
110678,Bears ,100280026258_10152307954466259
110678,Bears ,100280026258_10152308079186259
129333,Julia ,100280026258_10152390271781259
129333,Julia ,100280026258_10152460471981259
129333,Julia ,100280026258_10152486300476259
129333,Julia ,100280026258_10153059922611259
135861,Ted 2 ,100280026258_10151039985671259
135861,Ted 2 ,100280026258_10152396498486259
135861,Ted 2 ,100280026258_10153313642241259
118117,Grace ,100280026258_10151785205571259
146656,Creed ,100280026258_10153627352981259
146656,Creed ,100280026258_10154002795316259
160980,Sully ,100280026258_10154298190776259
155820,Keanu ,100280026258_10152419943706259
155820,Keanu ,100280026258_10152728751006259
155820,Keanu ,100280026258_10153009552681259
155820,Keanu ,100280026258_10154825787901259
161620,Clash ,100280026258_10152760603166259
110127,Noah ,100280026258_10152267103841259
110127,Noah ,100280026258_10152517722641259
133291,Pump ,100280026258_10151939755326259
111360,Lucy ,100280026258_10152517683311259
157142,Dean ,100280026258_10152550783971259
157142,Dean ,100280026258_10154865901081259
0,0,0
